hymn	author	composer
1	George W. Frazer	John Zundel
2		Felice de Giardini
3	Reginald Heber	John B. Dykes
4		
5	Terrye Coelho	Terrye Coelho
6	Thomas Ken	From Genevan Psalter, 1551
7	Mrs. M. J. Harris	Mrs. M. J. Harris
8	Stuart K. Hine	Arr. by Stuart K. Hine
9	Donna Adkins	Donna Adkins
10	Ann Taylor Gilbert	
11	F. M. Lehman	F. M. Lehman
12	Horatius Bonar	From Hymns of Worship and Remembrance
13	Robert Boswell	James McGranahan
14	Isaac Watts	Lowell Mason
15	Horatius Bonar	Isaac Smith
16	James G. Deck	Philip P. Bliss
17	Frederick W. Faber	James Turle
18	Frederick W. Faber	Lizzie S. Tourjée
19	Jimmy Owens	Jimmy Owens
20	Chinese, tr. by Francis P. Jones	John Hughes
21	Edith McNeill	Edith McNeill
22	Thomas O. Chisholm	William M. Runyan
23	William P. Mackay	John J. Husband
24	Fanny J. Crosby	William H. Doane
25	S. Trevor Francis	S. Trevor Francis
26	P. Van den Berg, fr. Dutch	Henry T. Smart
27	James G. Deck	Franz Joseph Haydn
28	Fanny J. Crosby	William J. Kirkpatrick
29	R. S. Hawker	
30	Miss C. Thompson	Henry T. Smart
31	Mary Bowley Peters	J. C. Trench
32	J. N. Darby	John Stevenson
33	Henry Van Dyke	Ludwig van Beethoven
34	A. Carruthers	Alexander C. Ewing
35		Charles H. Purday
36	Robert Allen	Frederick C. Atkinson
37	W. B. Dick	Ira D. Sankey
38	German, tr. by A. Becker	Ira D. Sankey
39	B. G. Hardingham	John B. Dykes
40	Joseph Addison	Franz Joseph Haydn
41	Walter Chalmers Smith	Welsh Hymn Melody
42	Josiah Conder	W. Wilson
43	†	I. E. Rummery
44	F. Allaben	C. & F. Jouard
45	†	
46	C. M. Noel	William H. Monk
47	M. E. Barber	C. & F. Jouard
48	Song of Songs	A. Cadman
49	W. C. Martin	Edmund S. Lorenz
50	W. Yerbury	Greek Melody
51	W. H. Clark	Arr. by William J. Kirkpatrick
52		Arr. by Margaret Evans
53	Isaac Watts	John Darwall
54	Nalda Hearn	Nalda Hearn
55	Mary Bowley Peters	
56		
57	John Newton	J. C. Lowry
58	James G. Deck	Lowell Mason
59	M. E. Barber	C. & F. Jouard
60	Charles Wesley	Carl Gottholf Glaser, arr. by Lowell Mason
61	Gerhardt Tersteegen, tr. by Mrs. Frances Bevan	From a French Melody
62	Roy Hicks Jr.	Roy Hicks Jr.
63	A. Paget Wilkes	
64	Tom Coomes	Tom Coomes
65	George W. Bethune	William B. Bradbury
66	Lela Long	Lela Long
67	Isaac Watts	George Frederick Handel, arr. by Lowell Mason
68	William E. Booth-Glibborn	Arr. from E. di Capua
69	Graham Kendrick	Graham Kendrick
70	Tr. by Frederick Oakeley	John Wade's Cantus Diversi
71	Charles Wesley, altered by George Whitefield	Felix Mendelssohn, adapted by William H. Cummings
72		
73	James G. Deck	From Little Flock Tune Book
74	Arthur C. Coxe	Charles Burney
75	Thomas Kelly	John B. Dykes
76	Ernest C. Homburg	William B. Bradbury
77	Isaac Watts	Edward Miller
78	Bernard of Clairvaux	
79	Ann Ross Cousin	Ira D. Sankey
80	M.W. Biggs	Mrs. M. J. Harris
81	Glen Clover	George Frederick Handel
82	Ned Nossaman	John Hughes
83		Hugh Wilson
84	Ned Nossaman	Lowell Mason
85	H. Gratton Guinness	Wolfgang A. Mozart
86	Albert Midlane	James McGranahan
87	W. M'K. Darwood	John R. Sweney
88	Joseph Hoskins (v. 5, Alfred P. Gibbs)	Arr. by D. F. Auber
89	Isaac Watts	Hugh Wilson
90	Horatius Bonar	From Hymns of Worship and Remembrance
91	Philip P. Bliss	Philip P. Bliss
92	James G. Deck	T. Willey
93	Mrs Pennefather	Robert Jackson
94	R. D. Edwards	William H. Doane
95	Isaac Watts	Lowell Mason
96	John Bakewell	Rowland H. Prichard
97	Thomas Kelly	George Hews
98	Jonathan Evans	Henry T. Smart
99	Edmond L. Budry; tr. by Richard B. Hoyle	George Frederick Handel
100	William P. Mackay	G. C. Martin
101	Robert Lowry	Robert Lowry
102	Charles Wesley	Arr. from Lyra Davidica, 1708
103	L. G. Milner	Arthur S. Sullivan
104	John S. B. Monsell	Frederick C. Maker
105	Whitlock Gandy	Donald A. Nicholls
106	John Zundel	William Chatterton Dix
107	James G. Deck	Alexander R. Reinagle
108	†	Lowell Mason
109	†	Lowell Mason
110	Frank Scavo	James W. Elliott
111	†	James McGranahan
112	†	Lowell Mason
113	James G. Deck	Lowell Mason
114	H. E. G.	Charles H. Gabriel
115	Thomas Kelly	Jeremiah Clark
116	Christopher Wordsworth	Arthur S. Sullivan
117	J. N. Darby	Geistliche Lieder, German
118	Unknown	Dave Fellingham
119	F. C. Jennings	Wolfgang A. Mozart
120	R. Holder	Lowell Mason
121	Miss C. Thompson	J. C. Bitthauer
122	Edward Perronet	James Ellor
123	Edward Perronet	Oliver Holden
124	Matthew Bridges	George J. Elvey
125	Thomas Kelly	George N. Allen
126	Thomas Kelly	Joachim Neander
127		
128	Jack Hayford	Jack Hayford
129	Mrs. J. A. Trench	
130	James G. Deck	Charles G. Goodrich
131	Isaac Watts	John L. Hatton
132	Thomas Kelly	Lowell Mason
133	Charles Wesley	John Darwall
134	J. J. Hopkins	
135	S. Trevor Francis	Frederick C. Maker
136	Samuel T. Francis	Thomas J. Williams
137	Charles H. Gabriel	Charles H. Gabriel
138	Charles H. Gabriel	Charles H. Gabriel
139	J. Stennett	George T. Smart
140	C. A. Tydeman	
141	James G. Deck	James Walch
142	Mary Shekleton	Ira D. Sankey
143	Samuel Stennett	Thomas Hastings
144	Jennie E. Hussey	William J. Kirkpatrick
145	A. T. Pierson	Philip P. Bliss
146	Charles Wesley	(1) Carl Gottholf Glasen, arr. by Lowell Mason (2) Thomas Jarman
147	D. A. McGregor	Thomas Hastings
148	German, 17th Century	Schlesische Volkslieder, 1842, arr. by Richard S. Willis
149	Charles Wesley	Old English Melody
150	James G. Deck	Moore's Psalm-Singer's Pocket Companion, 1756
151	Anne Ross Cousin	Chretien d'Urban; arr. by Edward F. Rimbault
152	James Allen	Felice de Giardini
153	John Kent	Unknown
154	H. d'A. Champney	Philip P. Bliss
155	H. d'A. Champney	Ira D. Sankey
156	Isaac Watts	Joseph Grigg
157	Horatius Bonar	Henry T. Smart
158	E. Margaret Clarkson	John Darwall
159	A. B. Simpson	James H. Burke
160	C. A. W.	George C. Stebbins
161	Ned Nossaman	Swedish Folk Melody, arr. by Mrs. Paul Friedmann
162	†	William J. Kirkpatrick
163	Fanny J. Crosby	Chester G. Allen
164	Bob Kilpatrick	Bob Kilpatrick
165	James G. Deck	James Langran
166	Traditional	Adestes Fidelis (Chorus only) Wade's Cantus Diversi
167	M. C. Day	William J. Kirkpatrick
168		
169	German, 19th Century, tr. by Edward Caswall	Joseph Barnby
170	Laurie Klein	Laurie Klein
171	Frank Bottome	William J. Kirkpatrick
172	A. B. Simpson	George C. Stebbins
173	Manie Payne Ferguson	W. S. Marshall, adapted by James M. Kirk
174	G. R. H. Wood	B. Line; Chorus by D. Wood
175		L. Casebolt, Vs.2-6, Betty Pulkingham
176	A. B. Simpson	A. B. Simpson
177	Mary E. Maxwell	Ada Rose
178	Delia T. White	William J. Kirkpatrick
179	†	Blanche Kerr Brock
180	Daniel Iverson	Daniel Iverson
181	John Wimber	John Wimber
182	†	John R. Sweney
183		C. & F. Jouard
184	Frank Scavo	John B. Calkin
185		Margaret M. Simpson
186	Composite	Salvation Army Musical Board
187		Mary J. Hammond
188	†	J. B. O. Clemm
189	†	
190	Watchman Nee	John B. Dykes
191	Watchman Nee	John L. Hatton
192	Watchman Nee	A. J. Foxwell
193	Watchman Nee	Grenoble Church Melody
194	†	Alfred H. Ackley
195	†	James M. Black
196	A. B. Simpson	Lowell Mason
197	E. May Grimes	Harold Green
198	C. L. Hamlen	H. Percy Smith
199	Clara H. Scott	Clara H. Scott
200	Frances R. Havergal	Lowell Mason
201	Mary A. Lathbury	William F. Sherwin
202	Edwin Hodder, vv.1-3 Bernard Barton, v.4	Gottfried W. Fink
203	George Rawson	Clement W. Poole
204		Cuthbert Howard
205		Thomas A. Arne
206	Charlotte Elliott	William H. Monk
207	M. E. Barber	William H. Doane
208	M. E. Barber	Geistliche Lieder, German
209	Elisha A. Hoffman	Elisha A. Hoffman
210	Joseph Scriven	Charles C. Converse
211	E. L. Goreh	George C. Stebbins
212		
213	M. E. Barber	Edgar Walser
214	Mrs. A. Head	William H. Monk
215	J. P. Hopps	French Melody
216	Graham Kendrick and Chris Rolinson	Graham Kendrick and Chris Rolinson
217	Albert Midlane, arr. by F. J. C.	William H. Doane
218	William W. Walford	William B. Bradbury
219	Morris Chapman and Tom Coomes	Morris Chapman and Tom Coomes
220	Samuel J. Stone	Samuel S. Wesley
221	Frances R. Havergal	W. S. Bambridge
222	Samuel Medley	John L. Hatton
223	†	Thomas Campbell
224	Frank Scavo	William G. Tomer
225	B. Beddome	From Swedish Melodier till Trossanger
226	T. D. W. M.	John Zundel
227	†	James McGranahan
228	Charles Wesley	Lewis Edson
229	Lawrence Thomas	
230	Charles Wesley	Justin H. Knecht
231	Joseph Swain	A. J. Jamouneau
232	John Fawcett	From Hans G. Nageli, arr. by Lowell Mason
233	Charles Wesley	Thomas Hastings
234	Debby Kerner	Debby Kerner
235	Frank Scavo	J.D. Sankey
236	Timothy Dwight	Aaron Williams
237	†	James M. Black
238	Richard Nelson	John W. Peterson
239		
240	†	Ira D. Sankey
241	†	Alfred H. Ackley
242	Tony Rosmarin	Kurt Kiser
243	Frank Scavo	Arthur S. Sullivan
244	Frank Scavo	Adam Geibel
245		John L. Hatton
246	Glen Clover	Arr. from Robert Schumann
247	Ned Nossaman	Franz Joseph Haydn
248		C. & F. Jouard
249	Jeremiah F. Rankin	William G. Tomer
250	James G. Deck	J. C. Trench
251		Adapted from Katholische Gesangbuch
252	Glen Clover	Netherlands folksong, harmonized by Edward Kremser
253	Composite	Williams G. Tomer
254	Glen Clover	Swedish Folk Melody, arr. by Mrs. Paul Friedmann
255	James Montgomery	H. W. Greatorex' Collection
256	Roswell Park	Francois H. Barthelemon
257	Mrs. Thompson	Asahel Nettleton
258	George W. Fraser	Reginald Heber
259	Edward Denny	From Hymns of Worship and Remembrance
260	Horatius Bonar	James Langran
261	Horatius Bonar	Arthur S. Sullivan
262	Graham Kendrick	Graham Kendrick
263	Kelly Willard	Kelly Willard
264	A.B. Simpson	Lewis Edson
265	Washington Gladden	H. Percy Smith
266	Michael Ryan	Michael Ryan
267	Frances R. Havergal	Robert Schumann
268		Ancient Spanish Melody
269	Mary E. Maxwell	Ada Rose
270		From Felix Mendelssohn
271	M. E. Barber	Wolfgang A. Mozart
272	Ammie L. Coghill	Lowell Mason
273	Horatius Bonar	H. Baker
274	Charles Wesley	Traditional American Melody James Lucas
275	M. E. Barber	
276	Daniel W. Whittle	James McGranahan
277	Dorothy F. B. Gurney	Joseph Barnby
278	William V. Jenkins	
279	George F. Root	George F. Root
280	Manie Payne Ferguson	William B. Bradbury
281	James G. Small	George C. Stebbins
282	W. Robinson	James Mountain
283	E.R. Charles	Robert Jackson
284	Lelia N. Morris	Lelia N. Morris
285	Norman J. Clayton	Norman J. Clayton
286	Alfred H. Ackley	Bentley D. Ackley
287	Philip P. Bliss	Philip P. Bliss
288	Charles Weigle	Charles Weigle
289	W. Spencer Walton	Daniel B. Towner
290	Charles Wesley	Clement C. Scholefield
291	Tr. by Mrs. Frances Bevan	Calvin & Farel Jouard
292	L. M. Rouse	D. Boole
293	From London Hymn Book	Stephen C. Foster
294	Nicolaus L. Zinzendorf, tr. by John Wesley	Ludwig van Beethoven
295	Edward Mote	William B. Bradbury
296	Norman J. Clayton	Norman J. Clayton
297	Frank Scavo	
298	Charles Wesley	Traditional American Melody, harmony by Daniel B. Towner
299	C. Paget	Hugh Wilson
300	Fanny J. Crosby	William J. Kirkpatrick
301	Edwin O. Excell	Edwin O. Excell
302	Philip P. Bliss	James McGranahan
303	Frank Scavo	Ira D. Sankey
304	Fanny J. Crosby	Mrs. Joseph F. Knapp
305	Rufus H. McDaniel	Charles H. Gabriel
306	Tony Rosmarin	
307	Minnie A. Steele	Minnie A. Steele
308	Philip Doddridge	Adapted from Edward F. Rimbault
309	Haldor Lillenas	Alfred Judson
310	James M. Gray	Daniel B. Towner
311	Philip Doddridge, vv.2,4,6 by Augustus M. Toplady, chorus by compiler	Ira D. Sankey
312	A. Hudson	R. F. Lehman
313	Jack P. Scholfield	Jack P. Scholfield
314	John W. Peterson	John W. Peterson
315	Charles H. Gabriel	Charles H. Gabriel
316	Haldor Lillenas	Haldor Lillenas
317	John Newton	Traditional American Melody, arr. by Edwin O. Excell
318	Charles H. Gabriel	Charles H. Gabriel
319	Robert Robinson	Tattersall's Psalmody, 1794
320	William R. Newell	Daniel B. Towner
321	Frank Bottome	John Hughes
322		
323	Horatius Bonar	John B. Dykes
324	C. Austin Miles	C. Austin Miles
325	Anne S. Murphy	Anne S. Murphy
326	Miss Clara T. Williams	Ralph E. Hudson
327	C. F. Butler	James M. Black
328	Luther B. Bridgers	Luther B. Bridgers
329	Elton M. Roth	Elton M. Roth
330	Isaac Watts	Robert Lowry
331	Thomas Jackson	Thomas Jackson
332	Eliza E. Hewitt	John R. Sweney
333	Thoro Harris	Thoro Harris
334	Rhea F. Miller	George B. Shea
335	C. L. Bancroft	Freylinghausen's Gesangbuch, 1704
336	Aaron R. Wolfe, chorus by James M. Gray	Talmadge J. Bittikofer
337	Lidie H. Edmunds	Norse Air, arr. by William J. Kirkpatrick
338	Elisha A. Hoffman	Anthony J. Showalter
339	Daniel W. Whittle	James McGranahan
340	Priscilla J. Owens	William J. Kirkpatrick
341	Horatius Bonar	Genevan Psalter, 1551
342	Fanny J. Crosby	William J. Kirkpatrick
343	Francis H. Rowley	Peter P. Bilhorn
344	V.1, W. G. Ovens, vv.2-5, Gladys Watkin Toberts	W. G. Ovens
345	Kin Rippon's Selection of Hymns, 1787	Early American Melody
346	R. Kelso Carter	R. Kelso Carter
347	Horatio G. Spafford	Philip P. Bliss
348	E. May Grimes	C. S. Beatson, arr. by G. B. Bramley
349	Herbert H. Booth	Herbert H. Booth
350	F. W. Faber; chorus, R. Kelso Carter	Arr. from Taubert by R. Kelso Carter
351	Elton M. Roth	Elton M. Roth
352	Madame Guyon	E. Burgess
353	Charles Wesley	Thomas Hastings
354	William R. Featherstone	Adoniram J. Gordon
355	Glen Clover	Shirley Foster
356	Frederick Whitfield	
357		
358	Elizabeth Prentiss	William H. Doane
359	David Graham	David Graham
360	Martin Nystrom	Martin Nystrom
361	Tate and Brady	H. Wilson
362	F. Brook	H. J. E. Holmes
363	George O. Webster	Charles H. Gabriel
364	Bernard of Clairvaux, tr. by Ray Palmer	H. Percy Smith
365	Charles Wesley	John Zundel
366	Horatius Bonar	William H. Doane
367	A.B. Simpson	Margaret M. Simpson
368	J. Temperley Grey	P. Skene
369	Henry F. Lyte	William H. Monk
370	Charles A. Tindley	Charles A. Tindley, arr. by F. A. Clark
371	Annie S. Hawks, chorus by Robert Lowry	Robert Lowry
372	Horatius Bonar	T. Haweis
373	E. H. Hopkins	James Mountain
374	John S. B. Monsell	Austrian Melody, harmony by J. T. Cooper
375		Philip P. Bliss
376	From Latin, tr. by Ray Palmer	William H. Doane
377	†	Henry T. Smart
378	Avis B. Christiansen	Homer Hammontree
379	†	I. E. Rummery
380	Charles Wesley	Lowell Mason
381	Unknown	Gauntlett's Tune Book, 1851
382	Eliza E. Hewitt	John R. Sweney
383	Lady Powerscourt, tr. from Chinese	Jonathan E. Spilman
384	Albert W. T. Orsborn	Tom Jones
385	Lelia N. Morris	Lelia N. Morris
386	Benjamin Schmolk, tr. by Jane L. Borthwick	Carl Maria von Weber
387	Frank M. Davis	Frank M. Davis
388	Fanny J. Crosby	Silas J. Vail
389	Adapted by Norman Johnson	Traditional Spiritual, arr. by Norman Johnson
390	Fanny J. Crosby	William H. Doane
391	Edward Hopper	John E. Gould
392	Johann C. Lavater	Old English Air
393	Tony Rosmarin	From the "Singing Nun"
394		
395	Johnson Oatman, Jr.	Charles H. Gabriel
396	Philip P. Bliss	Horatio R. Palmer
397	Thomas O. Chisholm	William J. Kirkpatrick
398	Adapted from F. R. Havergal	Arr. from Emmelar
399		Unknown
400	B. Mansell Ramsey	B. Mansell Ramsey
401	James Nicholson	William G. Fischer
402	Frank Bottome	William H. Havergal
403	Charles Wesley	I. Smith
404	John Keble	C. Lockhart
405	Adapted by Watchman Nee	Simeon B. Marsh
406	F. H. Allen	William B. Bradbury
407	Eliza E. Hewitt	William J. Kirkpatrick
408	Charles Wesley	Carl Maria von Weber
409	Gerhardt Tersteegen	Henri F. Hemy, adapted by James G. Walton
410		George C. Stebbins
411	Ray Palmer	Lowell Mason
412	Charles Wesley	Lowell Mason
413	John Stainer	John Stainer
414	Paul Gerhardt	Easy Hymns for Schools
415	J. Edwin Orr	Traditional Maori Melody, arr. by Donald P. Hustad
416	Graham Kendrick	Graham Kendrick
417	Charles Wesley	Arr. from Wolfgang A. Mozart
418	Adapted by Watchman Nee	John D. Roberts
419	Lucy A. Bennett	Joseph Barnby
420	Watchman Nee	Thomas Hastings
421	George Matheson	Albert L. Peace
422	John Newton	
423	Frances R. Havergal	Philip P. Bliss
424	Anon.	William J. Kirkpatrick
425	Judson W. Van de Vender	Winfield S. Weeden
426	Elisha A. Hoffman	Elisha A. Hoffman
427	Frances R. Havergal	H.A. Cesar Malan
428	Homer W. Grimes	Homer W. Grimes
429	Adelaide A. Pollard	George C. Stebbins
430	A. B. Simpson	I. H. Meredith
431	Robert Murray McCheyne	Dimitri Bortnianski
432	Lelia N. Morris	Lelia N. Morris, harmony by J.B.M.
433	Mary D. James	Anon.
434	Adapted from Streams in the Desert	Frances R. Havergal
435	George Matheson	George J. Elvey
436	Elisha A. Hoffman	Florence M. Hoffman
437	W. O. Cushing	Robert Lowry
438	Josiah Conder	Ludwig van Beethoven
439	Thomas D. Chisholm	Carl H. Lowden
440	Handley C. G. Moule	R. W. Dixon
441	Henry F. Lyte	Wolfgang A. Mozart, arr. by Hubert P. Main
442		Folk Melody from India
443	From Catherine Booth-Clibborn	From Catherine Booth-Clibborn
444		J.H. Burke
445	Isaac Watts	Ira D. Sankey
446	Frances R. Havergal	German Melody, arr. by John Cross
447	Mrs Donald Davison	Silas J. Vail
448		Wolfgang A. Mozart
449	Daniel W. Whittle	May Whittle Moody
450	T. Ryder	T. Ryder
451		Lowell Mason
452	From The Overcomer Magazine	J. W. Elliott
453	Dennis Cleveland	Dennis Cleveland
454	W. T. Matson	W. Moore
455		
456		
457	Tr. from Chinese	
458	W. C. Martin	C. Austin Miles
459	Bernard of Clairvaux, tr. by Edward Caswall	John B. Dykes
460	W. Spencer Walton	Mrs. Lewis S. Chafer
461	James G. Deck	John L. Hatton
462		
463	Ned Nossaman	Joachim Neander
464	†	William F. Sherwin
465	†	W. S. Marshall
466	A. T. Pierson	Philip P. Bliss
467	Alfred H. Ackley	Alfred H. Ackley
468	D. W. Whittle	James McGranahan
469	F. H. Allen	Jean J. Rousseau
470	From God's Plan of Redemption, by Mary E. McDonough	John Wade's Cantus Diversi, 1751
471	A. B. Simpson	A. B. Simpson
472		Bohemian Brethren's "Kirchengesange"
473	vv.2-5, compiler	
474	Ned Nossaman	Traditional American Melody, arr. by Edwin O. Excell
475	A. B. Simpson	A. B. Simpson, harmony by J.B.M.
476	Glen Clover	
477		
478	Ned Nossaman	Herbert H. Booth
479	Ned Nossaman	Ira D. Sankey
480	†	Alfred H. Ackley
481	R. Jukes	Arr. by D. F. Auber
482	Jane C. Bonar	Theodore E. Perkins
483	William J. Kirkpatrick	William J. Kirkpatrick
484	R. George Halls	R. George Halls
485	J. Mason	May Chenevix-Trench
486	A. W. Marston	J. Summers
487	B. E., arranged	James McGranahan
488	Will L. Thompson	Will L. Thompson
489	J. B. French	Henri F. Hemy, adapted by James G. Walton
490	W. Whittingham, F. Rous	David Grant
491	Orien Johnson, v.2, William B. Mackie	Orien Johnson
492	John W. Peterson, Alfred B. Smith	John W. Peterson
493	H. W. Baker	John B. Dykes
494		C. Harold Lowden
495		Will L. Thompson
496	John Newton	Early American Melody
497	F. H. Allen	Anon.
498	Elizabeth Dark	Traditional German Air
499	Frances Bevan	J. D. Sankey
500	C. P. Jones	C. P. Jones
501	vv. 1-5, Mary A. E. Lancaster v. 6, May A. Stephens	May A. Stephens
502	Bertha Fennell	R. L. Haslup
503	Watchman Nee	
504	J. Denham Smith	Arthur S. Sullivan
505	Danny Daniels	Danny Daniels
506	Ned Nossaman	Silas J. Vail
507	Frank Scavo	
508	William O. Cushing	Ira D. Sankey
509	A. B. Simpson	James H. Burke, arr. by J. B. M.
510	Vernon J. Charlesworth	Ira D. Sankey
511	William O. Cushing	Ira D. Sankey
512	Louisa M. R. Stead	William J. Kirkpatrick
513	E. P. Stites	Ira D. Sankey
514	J. S. Pigott	Geistreiches Gesangbuch
515	Charles Wesley	Arr. from George Frederick Handel
516	R. Deck	F. C. Goudimel
517	Charles Wesley	Henri F. Hemy, adapted by James G. Walton
518	J. S. Pigott	James Mountain
519		H. Percy Smith
520	T. Monod	James Mountain
521	John H. Sammis	Daniel B. Towner
522	Jessie B. Pounds	Daniel B. Towner
523	Joseph H. Gilmore	William B. Bradbury
524	Frances Bevan	Annie F. Harrison
525	Mrs. A. A. Whiddington	A. B. Simpson
526		H. S. Thompson
527	†	A. B. Simpson
528		Charles H. Gabriel
529	M. E. Barber, adapted	Robert Lowry
530		William J. Kirkpatrick
531		Hubert P. Main
532	†	Orien Johnson
533	†	Orien Johnson
534	Isaac Watts	Thomas Hastings
535	T. Binney	H. L. Morley
536	Frances Brook, adapted	Henry T. Smart
537	Anna L. Waring	Swiss Melody
538	Gerhardt Tersteegen, tr. by J. S. Pigott	George Hews
539		George Bennard
540	Isaac Watts	William Croft
541	Horatius Bonar	James McGranahan
542	†	James McGranahan
543	George Bennard	George Bennard
544	John Bowring	Ithamar Conkey
545	A. B. Simpson	A. B. Simpson
546	A. B. Simpson	Margaret M. Simpson
547	From the 3rd Century, chorus by A. B. Simpson	Margaret M. Simpson
548		Margaret M. Simpson
549	Mary E. Maxwell	Ada Rose
550	M. E. Barber	Thomas Hastings
551	M. E. Barber	Charles C. Converse
552	Amy Carmichael	Frederick C. Maker
553	Watchman Nee	Stephen C. Foster
554	William Cowper	Wolfgang A. Mozart
555	Adapted by Watchman Nee	Arr. from Emmelar
556	Watchman Nee	Francois H. Barthelemon, arr. by Robert Simpson, 1833
557	Elizabeth C. Clephane	Frederick C. Maker
558	Fanny J. Crosby	William H. Doane
559		Joseph Barnby
560	Lydia Baxter	William H. Doane
561	M. E. Barber	James Langran
562	Horatius Bonar	T. Collins
563	Fanny J. Crosby	William H. Doane
564	Eliza E. Hewitt	C. F. O., arr. by William J. Kirkpatrick
565	William Cowper	William Jones
566	Anna L. Waring	Felix Mendelssohn
567	Diane Ball	Diane Ball
568	A. B. Simpson	A. B. Simpson
569		Lowell Mason
570	Civilla D. Martin	W. Stillman Martin
571	Katharina A. von Schlegel, tr. by Jane L. Borthwick	Jean Sibelius, arr. for The Hymnal
572	Frank E. Graeff	J. Lincoln Hall
573	Johnson Oatman, Jr.	George C. Hugg
574	Mary E. Maxwell	
575	Fanny J. Crosby	Robert Lowry
576	Nathaniel Niles	Philip P. Bliss
577	Maxwell N. Cornelius	James McGranahan
578	M. G. Brainard	Philip P. Bliss
579	John Newton	R. H. Earnshaw
580	Johnson Oatman, Jr.	Edwin O. Excell
581	Lina S. Berg	Oscar Ahnfelt
582	Tate & Brady	G. Smart
583	Commandant H. Booth	Commandant H. Booth
584	M. E. Barber	Thomas Hastings
585	A. B. Simpson	A. B. Simpson
586	Frances R. Havergal	James Mountain
587	Edward H. Bickersteth	George T. Caldbeck
588	A. B. Simpson	A. B. Simpson
589	Annie Johnson Flint	William M. Runyan
590	Ballington Booth	Ballington Booth
591	Annie Johnson Flint	
592	Madame Guyon	From Hymns of Worship and Remembrance
593	Madame Guyon	E. K. Brinkworth
594		Henry T. Smart
595	Adapted by Watchman Nee fr. Emma F. Bevan	William J. Kirkpatrick
596	John Newton	F. R. Grey
597	A. Pugh	C. H. Forrest
598	Joseph Hart	Lancashire School Songs
599	Thomas Kelly	Traditional German Melody
600	Helen H. Lemmel	Helen H. Lemmel
601	Anna B. Warner	Early American Melody
602	R. Hudson Pope	R. Hudson Pope
603	F. H. Allen	From Felix Mendelssohn
604	E. Mary Grimes	Harold Green
605	William D. Longstaff	George C. Stebbins
606	Cyrus S. Nusbaum	Cyrus S. Nusbaum
607	M. E. Barber	William H. Monk
608	G. M. J.	James McGranahan
609	Lucy A. Bennett	Margaret M. Simpson
610	William P. Merrill	William H. Walter
611	Gerhardt Tersteegen	Lewis Edson
612	J. N. Darby	Geistliche Lieder, German
613	M. E. Barber	Aaron Williams
614	David Matteson	
615	†	William A. Ogden
616	Henry Alford	From Franz Joseph Haydn
617	George Duffield	George J. Webb.
618	Sabine Baring-Gould	Arthur S. Sullivan
619	M. E. Barber	Adam Geibel
620	John S. B. Monsell	William Boyd
621	Sallie Martin	John R. Sweney
622		John B. Dykes
623	Adapted from M. E. Barber	William B. Bradbury
624	John H. Yates	Ira D. Sankey
625	From The Overcomer Magazine	B. Milgrove
626		Composer unknown, arr. by Roland Fudge
627	Edith G. Cherry	Jean Sibelius
628	Reginald Heber	Henry S. Cutler
629	Martin Luther, tr. by Frederick H. Hedge	Martin Luther
630		James McGranahan
631	Charles Wesley	E. W. Naylor
632	E. L. Budry, tr. by Allen A. Watson	From Surles Ailes de la Foi, 1957
633		Arr. from Robert Schumann
634		George J. Elvey
635	M. E. Barber	Philip P. Bliss
636		James W. Elliott
637	J. N. Darby	George W. Warren
638	James G. Deck	O Tannenbaum
639	Lelia N. Morris	Lelia N. Morris
640	El Nathan	James McGranahan
641	Watchman Nee, adapt. fr. Horatius Bonar	Irish Traditional Melody
642	Watchman Nee	Will L. Thompson
643	Watchman Nee	Richard S. Willis
644	H. L. Turner	James McGranahan
645	†	James McGranahan
646	†	Schlesische Volks Lieder, 1842, arr. by Richard S. Willis
647	Mrs. Frank A. Breck	Grant Colfax Tullar
648	Fanny J. Crosby	George C. Stebbins
649	Gerhardt Tersteegen	Clara H. Scott
650	Tr. from Chinese	James McGranahan
651	Frances R. Havergal	William H. Monk
652	J. Montgomery	Johann Cruger
653	†	Ira D. Sankey
654	Fanny J. Crosby	William H. Doane
655	William Mallon	William J. Kirkpatrick
656	†	Shirley Foster
657	C. S. Horne	Charles H. Gabriel
658	†	William Steffe
659		
660	M. E. Barber	Henry R. Bishop
661	John Newton	Franz Joseph Haydn
662	Moravian Brethren	William H. Monk
663		James McGranahan
664	Frances Bevan	German
665	Elisha A. Hoffman	Elisha A. Hoffman
666	Anon.	E. E. Hasty
667	J. Wilbur Chapman	Charles H. Marsh
668	William Hunter	John H. Stockton
669	Priscilla J. Owens	William J. Kirkpatrick
670	A. B. Simpson	J. H. Burke
671	Emma Booth-Tucker	Emma Booth-Tucker
672	Elvina M. Hall	John T. Grape
673	Isaac Watts; chorus, Ralph E. Hudson	Ralph E. Hudson
674		S. Chandler
675	Philip P. Bliss	Philip P. Bliss
676	James Proctor	H. S. Thompson
677	John Foote	J. G. Foote
678	William Cowper	Early American Melody, arr. from Lowell Mason
679	Elisha A. Hoffman	Elisha A. Hoffman
680	Robert Lowry	Robert Lowry
681	Lewis E. Jones	Lewis E. Jones
682	Mrs. Phoebe Palmer	Mrs. Joseph F. Knapp
683	Frances R. Havergal	James Mountain
684	M. Nunn	H. P. Main
685	F. L. Wiseman	F. L. Wiseman
686	W. E. Littlewood	T. E. Perkins
687	Julia H. Johnston	Daniel B. Towner
688	W. Leslie	W. Leslie, harmony by James McW. Bonnar
689	James McGranahan	James McGranahan
690	James Proctor	Robert Harkness
691	Philip P. Bliss	Philip P. Bliss
692	William T. Sleeper	George C. Stebbins
693	Will L. Thompson	Will L. Thompson
694	Fanny J. Crosby	George C. Stebbins
695	John H. Stockton	John H. Stockton
696	Philip P. Bliss	Philip P. Bliss
697	Adapted by Daniel W. Whittle	C. C. Williams
698	Lelia N. Morris	Lelia N. Morris
699		
700	Philip P. Bliss	Philip P. Bliss
701	Anon.	William J. Kirkpatrick
702	Charlotte Elliott	William B. Bradbury
703	William T. Sleeper	George C. Stebbins
704	Lewis Hartsough	Lewis Hartsough
705	William J. Kirkpatrick	William J. Kirkpatrick
706		
707	Charles Wesley	Simeon B. Marsh
708	Augustus M. Toplady	Thomas Hastings
709	E. S. Elliott	Ira D. Sankey
710	Harry D. Clarke	Harry D. Clarke
711	E. W. Bullinger	E. W. Bullinger
712	Mary J. Walker	Franz Joseph Haydn
713	Katherine Hankey	William G. Fischer
714	Composite	Old Melody
715	Elisha A. Hoffman	John H. Stockton
716	Mrs. Frank A. Breck	Grant Colfax Tullar
717	W. Spencer Walton	A. J. Gordon
718	James Rowe	Howard E. Smith
719	Erdmann Neumeister, tr. by Frances Bevan	James McGranahan
720	Elizabeth C. Clephane	Ira D. Sankey
721	Katherine Hankey	William H. Doane
722	Anna Olander, tr. Composite	Swedish
723	†	Shirley Foster
724	J. H. Stuart	Frederick C. Maker
725	Mary A. Thompson	James Walch
726	S. G. Stock	F. A. Challinor
727	Fanny J. Crosby	William H. Doane
728	James McGranahan	James McGranahan
729	A. B. Simpson	James H. Burke
730	M. E. Barber	E. D. Drewett
731	Joseph Grigg, alt. by Benjamin Francis	Henry K. Oliver
732	F. Kirkland	Koschat
733	Charles C. Luther	George C. Stebbins
734	Psalm 16:5,8,9,11	
735	Dan Marks	Dan Marks
736	Michael O'Shields	Michael O'Shields
737	Psalm 19:7-10,14	
738	Charles Monroe	Charles Monroe
739	Psalm 30:11-12	
740	Psalm 48: 1-2	Robert Ewing
741	Psalm 73:2-26	
742	Psalm 89:1	J. H. Fillmore
743	Adapted from Psalm 103:1	Traditional
744	Psalm 116:12-13	
745	Psalm 126:1-3	
746	Psalm 132;13-16	
747	Psalm 133	
748	Psalm 150	Reta Kelligan
749	Bob McGee	Bob McGee
750	Isaiah 12:3-4,6	
751	Isaiah 9:6	Audrey Mieir
752	Isaiah 26:3	
753	Isaiah 51:11	Ruth Lake
754	Jeremiah 31:12	
755	Karen Lafferty	Karen Lafferty
756	Keith Routledge	Keith Routledge
757	Frances Townsend	Alfred B. Smith
758	John 13:34-35	
759	2 Cor. 3:16-17	
760	Ephesians 3:21	Hugh Mitchell
761	Frank Scavo	Orien Johnson
762	Patricia Van Tine	Patricia Van Tine
763	Rev. 12:10-12	
764	Dale Garratt	Dale Garratt
