hymn	stanza	line	offset	pronoun	page	zh
1	3	4	6	祢	8	我們敬拜，因祢所是，
2	2	4	1	祢	9	使祢應許得成——
4	1	2	2	祢	11	我愛祢、敬拜祢，
4	1	2	6	祢	11	我愛祢、敬拜祢，
4	2	4	5	祢	11	神的愛子，祢何奇妙。
5	3	2	3	祢	11	我眞愛祢！
8	1-chorus	1	6	祢	14	“祢眞偉大！祢眞偉大！”
8	1-chorus	3	6	祢	14	“祢眞偉大！祢眞偉大！”
9	1	1	6	祢	15	我敬拜並尊崇祢，
10	1	5	5	祢	16	無它，乃是祢的大愛，
10	4	6	1	祢	16	向祢歌頌直到萬代。
14	1	2	0	祢	20	祢名所表一切慈仁，
14	3	3	0	祢	20	祢的大愛作我喜樂。
15	2	0	5	祢	21	我在罪中，祢愛來尋，
15	3	3	3	祢	21	都是因祢恩澤。
15	4	0	2	祢	21	神，祢這樣豐富的愛，
15	5	0	5	祢	21	哦父，但願祢今使我，
16	2	6	4	祢	22	我們今向祢拜禮。
19	1	3	5	祢	24	父阿，我愛祢！”
20	4	1	4	祢	26	同心歌頌祢奇愛，
22	1	3	0	祢	27	祢的憐憫像祢永遠不變。
22	1-chorus	3	0	祢	27	祢的信實極其廣大無邊！
22	3	1	0	祢	28	祢的同在所賜安撫、引導，
25	3	3	6	祢	30	父阿，我敬拜祢。
25	5	2	2	祢	30	頌揚祢愛永無疆：
26	1	7	1	祢	31	作祢至高對象。
26	2	3	1	祢	31	蒙祢生命之恩？
27	1	1	3	祢	32	因主到祢面前來；
27	2	2	1	祢	32	但祢的恩比罪更多，
27	2	7	1	祢	32	因祢恩典深無比。
27	3	2	0	祢	32	祢宰肥犢，祢使我們
27	3	2	5	祢	32	祢宰肥犢，祢使我們
27	3	5	3	祢	32	我們聽祢如此說：
27	4	1	1	祢	32	因祢慈愛眞希奇！
27	4	3	4	祢	32	也要希奇祢大恩。
27	4	5	1	祢	32	在祢座前來溫習：
29	2	4	3	祢	35	哦父，祢是何等慈愛，
29	2	7	2	祢	35	得與祢性情有分！
30	3	0	2	祢	36	哦，祢這萬福之源！
31	1	1	2	祢	37	來看祢的兒子，
31	1	3	3	祢	37	祂行完祢意思；
31	3	6	2	祢	37	父，祢愛子的受死，
31	4	3	2	祢	38	因知祢已眷顧；
32	1	0	7	祢	38	父阿，兒女稱頌祢名，
32	2	3	0	祢	38	祢在天上座位。
32	4	1	2	祢	38	顯明祢恩豐富，
35	2	1	2	祢	41	藉着祢恩；
35	2	2	2	祢	41	祂是祢愛所有獨一對象，
36	4	0	7	祢	42	父阿，我們跟隨祢的愛子，
36	4	3	4	祢	42	眾子嘗到祢名所有豐富。
37	1	3	5	祢	43	前來敬拜向祢讚美、歌謳。
37	2	1	0	祢	43	祢的愛子之名所有馨香；
37	3	1	7	祢	43	在祂裏面我心因祢歡暢；
37	4	1	4	祢	43	憑信看見祢愛所有對象；
39	3	5	0	祢	45	祢也定規我們與祂同儔。
42	1	0	0	祢	48	祢乃是那永活的道，
43	2	2	1	祢	49	“祢是我的主，”祂不斷向神提：
48	1	2	0	祢	55	祢名如同倒出香膏，
48	1	3	0	祢	55	祢名如同倒出香膏。
48	2	2	7	祢	55	所以眾童女都愛祢，
48	2	3	7	祢	55	所以眾童女都愛祢。
48	3	2	0	祢	55	祢的愛情比酒更美，
48	3	3	0	祢	55	祢的愛情比酒更美。
48	5	0	5	祢	55	我的良人，祢甚可愛，
48	5	2	5	祢	55	我的良人，祢甚可愛，
48	5	3	5	祢	55	我的良人，祢甚可愛。
48	8	2	6	祢	55	我的良人，願祢快來，
48	8	3	6	祢	55	我的良人，願祢快來。
48	9	2	8	祢	55	主阿！我們全心愛祢，
48	9	3	8	祢	55	主阿！我們全心愛祢。
50	1	7	0	祢	57	祢的美麗眞非常！
50	2	6	2	祢	57	愛叫祢來，爲我負債，
50	3	4	4	祢	57	我的痛苦祢替背，
56	2	5	9	祢	62	我們能愛祢，因呼求祢的名！
58	1	2	2	祢	64	主，祢作我一切，
58	2	2	0	祢	64	祢愛眞是殊優，
58	4	0	2	祢	64	不久祢要再臨， 耶穌我主！
64	1	0	3	祢	68	耶穌，祢是最甜美的名。
64	1	1	8	祢	68	耶穌，當我呼求，祢必垂聽。
64	2	3	0	祢	68	祢是最甜，是最甜美的名。
64	3	1	3	祢	68	耶穌，祢賜我們愛的心腸。
65	4	2	6	祢	69	今日、昨日，祢不更易，
73	1	2	1	祢	78	（祢以恩愛對待群黎，
73	1	3	0	祢	78	祢以忠誠對神。
73	4	1	3	祢	78	黑暗，祢卻光明。
73	5	2	0	祢	78	祢的行徑，無人同情，
74	5	2	1	祢	79	像祢謙卑，學祢式微，
75	1	2	4	祢	80	我們述說祢的恩篤，
75	7	3	2	祢	80	直到祢前同聚集。
76	2	3	4	祢	82	荊棘冠冕祢竟戴；
79	2	3	0	祢	84	祢都爲我喝盡。
79	2	4	3	祢	84	苦杯，祢愛爲我盡嘗；
79	3	1	5	祢	84	哦，主，向祢打下！
79	3	2	0	祢	84	祢被父神痛苦擊傷，
79	3	4	3	祢	84	祢淚、祢血因此流淌，
79	4	1	4	祢	84	哦主，向祢進迫！
79	4	2	0	祢	84	祢的胸懷爲我抵擋，
79	6	0	3	祢	84	哦主，祢曾爲我受死，
80	3	0	6	祢	85	可愛的主，當祢救贖，
80	4	0	2	祢	85	那時祢量罪的距離——
81	4	5	4	祢	86	主，我愛祢十架；
83	3	0	6	祢	88	哦，主耶穌！祢外無人
85	3	3	6	祢	90	從它空虛轉向祢。
90	2	0	6	祢	95	神，我們感謝祢，
92	2	4	0	祢	97	祢這當受讚的！
92	3	4	1	祢	97	看祢這樣苦痛！
93	5	1	4	祢	98	我們得見祢面，
93	6	3	1	祢	98	在祢座前聚集。
99	1	0	4	祢	104	榮耀歸於祢，復活得勝子，
99	1	1	0	祢	104	祢已永遠得勝，祢已勝過死；
100	4	3	1	祢	105	“祢已得勝！祢民已脫捆索！”
103	1	2	4	祢	108	非因罪將祢毒，
103	1	5	3	祢	108	企圖與祢作對，
103	2	0	0	祢	108	祢已衝破墳墓，
108	5	7	1	祢	113	使祢稱心滿意。
109	1	3	0	祢	114	祢尊貴婦女間。
110	1	1	1	祢	115	“祢坐我的右邊；
110	1	3	0	祢	115	祢必站它上面。”
110	5	3	4	祢	115	使敵順服祢權。
111	2	6	1	祢	116	在祢神聖經綸裏面，
111	3	0	6	祢	116	哦，主耶穌，祢是那人——
112	7	1	1	祢	118	在祢聖所中行走，
113	1	3	0	祢	118	祢的工作都已得勝，
113	2	0	0	祢	118	祢的聖首曾被芒刺，
113	2	3	8	祢	118	哦主，我們眞讚美祢，
113	2	5	4	祢	118	並說：惟祢是配！
119	5	3	2	祢	124	惟見祢美麗自己。
120	1	4	7	祢	125	我敬拜祢、讚美祢，
120	2	3	0	祢	125	祢欲救人，人絕祢；
120	2	3	7	祢	125	祢欲救人，人絕祢；
120	3	2	0	祢	125	祢是父神所愛所鍾，
120	3	4	3	祢	125	我仰望祢、記念祢，
120	4	4	7	祢	125	我敬愛祢，順服祢，
121	4	2	3	祢	126	我們從祢憔悴面貌，
121	5	3	6	祢	126	“神的羔羊，祢是配。”
124	4	5	1	祢	130	因祢捨命身亡；
125	3	3	3	祢	130	神卻使祢高升。
129	1	0	6	祢	134	我主耶穌，惟祢是配，
129	4	0	3	祢	134	耶穌，祢是首先、末後，
129	4	1	0	祢	134	祢要領我到盡頭；
129	4	2	7	祢	134	因着已往我讚美祢，
130	3	4	0	祢	135	祢使我們堅定站立，
132	4	4	1	祢	137	作祢恩愛的標本，
133	2	4	2	你	138	舉起你心，提高聲浪，
134	1	2	0	祢	139	祢用恩手逐步提挈，
136	3	7	4	祢	141	領我就近祢身旁！
139	2	2	3	祢	144	我們愛祢，因祢忍受
139	3	2	1	祢	144	但祢卻爲仇敵被殺！
139	6	1	1	祢	144	像祢在凡事上！
141	1	2	5	祢	146	在各各他，祢與我一，
141	1	3	5	祢	146	在天，我與祢一。
141	3	3	1	祢	146	使祢肢體釋放。
144	1-chorus	2	4	祢	149	惟恐我忘祢愛無極，
146	6	0	3	祢	152	我既從祢可愛的名，
147	2	2	5	祢	153	天上缺少了祢，
148	4	5	5	祢	154	惟我救主，祢最高超！
149	2	3	5	祢	155	祢既受苦、祢又捨身；
149	2	4	0	祢	155	祢這永受頌讚的神！
151	1	2	0	祢	157	祢的活水我已嘗，
151	1	7	1	祢	157	是祢智慧所量。
151	2	2	0	祢	157	祢將污穢的罪人，
154	1-chorus	0	5	祢	160	讚美羔羊！祢眞是配！
154	2	1	0	祢	160	祢寶血流出，
154	3	1	0	祢	160	祢愛不止息；
155	1-chorus	3	7	祢	161	祢的榮耀，因爲祢眞是配。
157	2	4	2	祢	163	主，祢是配；主，祢是配；
157	2	4	8	祢	163	主，祢是配；主，祢是配；
160	3	3	2	祢	166	父在祢身之珍惜。
160	4	0	7	祢	166	父將祂愛全置於祢，
160	4	1	1	祢	166	稱祢作祂的愛子；
160	5	2	6	祢	166	哦，主耶穌，祢的名字，
161	3	0	6	祢	168	哦，主耶穌，祢降卑來到塵世，
161	3-chorus	1	0	祢	168	祢竟爲我如此降卑。
161	3-chorus	2	7	祢	168	直至永世還要將祢飽嘗，
161	3-chorus	3	0	祢	168	祢何豐富，祢何無量。
161	3-chorus	3	5	祢	168	祢何豐富，祢何無量。
161	4	2	1	祢	168	但祢竟作生命之糧，眞奇妙，
161	4-chorus	1	0	祢	168	祢竟爲我如此降卑。
161	4-chorus	2	7	祢	168	直至永世還要將祢飽嘗，
161	4-chorus	3	0	祢	168	祢何豐富，祢何無量。
161	4-chorus	3	5	祢	168	祢何豐富，祢何無量。
162	1	3	3	祢	169	我們與祢合一。
162	1	7	0	祢	169	祢自己作食物。
162	1-chorus	1	3	祢	169	我們將祢頌讚！
165	3	3	2	祢	173	誰識祢是創造主？
165	4	0	1	祢	174	看祢身懸十字苦架，
165	4	6	1	祢	174	惟祢配得永遠感戴，
165	5	3	2	祢	174	抗拒祢者都悲傷；
168	1	7	9	祢	176	頌讚與尊貴與榮耀歸祢，
168	1	8	4	祢	176	與榮耀歸祢，與榮耀歸祢。
168	1	8	10	祢	176	與榮耀歸祢，與榮耀歸祢。
168	1	9	9	祢	176	頌讚與尊貴與榮耀歸祢，
170	1	1	2	祢	178	讚美祢名。哦，我魂，歡欣！
171	4	3	1	祢	180	說祢無比恩愛——
171	4	5	0	祢	180	祢竟肯來同在：
172	1-chorus	3	0	你	182	你若肯信服，必享祂所有。
176	1	1	6	祢	187	敎我如何吸入祢；
176	6	1	1	祢	188	入祢慈愛的耳中；
177	2	1	1	祢	188	並祢應許恩惠；
177	2	6	1	祢	188	但祢計劃一旦展露，
181	1	2	8	你	193	充滿你的一生，使你心歡喜。
181	1	5	1	你	193	使你一生完全而活在主裏。
185	2	5	1	祢	198	在祢擊傷石磐；
185	2	7	1	祢	198	讓祢活水氾濫。
189	2	3	5	祢	202	我們就必被祢量過並佔有。
190	1	3	7	祢	203	如要識父只要識祢。
190	2	3	3	祢	203	雖在擠祢，摸祢不到。
192	3	2	5	祢	205	祢的自己、祢的性情，
193	5	2	6	祢	206	沒有一處不受祢感，
193	6	0	1	祢	206	求祢自己藉靈顯現，
193	7	2	5	祢	206	世上有誰比祢更實？
193	8	0	1	祢	206	求祢用靈從我的靈，
197	4	3	4	祢	210	我只屬於祢。
197	6	2	1	祢	210	使祢一切美意，
197	7	2	1	祢	210	給祢進來欣賞，
198	4	2	0	祢	210	祢微而清所說話語，
199	4	2	1	祢	211	有祢引領，何足畏懼？
200	1	1	4	祢	212	我今等候祢恩言；
201	3	5	1	祢	213	與祢同行，
202	4	7	0	祢	214	祢屬天的敎誨。
203	5	3	4	祢	216	使能領會祢愛；
204	5	0	8	祢	216	主，感謝祢，因爲祢話，
204	6	2	2	祢	216	今藉祢話，供應更新，
206	1	2	6	你	217	仇敵正環伺着你：
207	2	3	0	祢	218	祢的大名是得勝！
214	4	1	5	祢	226	激動，賜下祢的獨生愛子，
215	3	1	3	祢	227	全都被祢所除盡；
217	1-chorus	3	0	祢	229	祢就顯現能手。
217	4	1	2	祢	230	祝福祢的話語；
217	4	2	2	祢	230	但願祢道所有眞理，
217	5	1	2	祢	230	證明祢的得勝；
219	2	1	0	你	232	你是否對明天憂慮？
219	2-chorus	3	3	你	232	好平靜你的心思，
219	2-chorus	4	3	你	232	好充滿你的空虛。
221	1	1	4	你	234	基督曾爲你捨命，
221	1	5	4	你	234	並聖靈將你聖別，
224	1	0	5	祢	237	哦，父神！祢是生命之源，
224	2-chorus	1	1	祢	237	藉祢活話而合一。
224	3-chorus	0	4	祢	237	祢榮耀，祢榮耀，
224	3-chorus	2	0	祢	237	祢榮耀，祢榮耀，
230	2	2	3	祢	244	更多向祢來求呼，
230	2	3	0	祢	244	祢這充滿萬有主。
235	4	6	5	祢	250	好使我們爲祢意旨，
236	1	1	2	祢	250	就是祢的居所，
239	5	0	8	祢	254	主，錫安等候讚美祢，
239	5	2	8	祢	254	主，錫安等候讚美祢，
242	4	0	4	祢	258	主，爲着祢敎會，
246	1	2	6	你	263	其中敎訓爲着你我，
246	12	3	2	祢	264	滿足祢心，充滿生命。
246	17	1	1	祢	264	在祢路上步步引導；
247	2	1	3	你	266	主讚賞你的行爲。
247	3	0	0	你	266	你這蒙愛非拉鐵非，
247	3	7	4	你	266	免得人奪你冠冕。”
250	3	4	6	祢	269	罪、死、陰府祢毀盡，
250	3	6	1	祢	269	因祢是我的生命，
250	4	1	3	祢	270	承認與祢同盡，
250	4	2	3	祢	270	我也與祢同復活，
251	1	0	6	祢	270	我今受浸，是祢旨意，
251	4	1	1	祢	270	因祢已經勝過墳墓；
251	6	3	1	祢	270	爲祢尊名，雖苦亦甜。
253	1	1	5	祢	272	我們蒙召與祢坐席，
253	1	2	3	祢	272	永遠與祢住父家裏。
253	2	0	4	祢	272	哦，主，祢筵席何等享受！
253	3	1	4	祢	272	餅杯陳明祢的受死，
253	3	3	7	祢	272	主，乃藉着吃喝祢筵席。
253	5	0	2	祢	272	主，祢筵席使我們舒暢！
254	2	2	11	祢	273	我們吃餅，表明一同領受祢，
255	1	3	5	祢	274	現今來記念祢。
255	2	0	0	祢	274	祢的身體爲我裂開，
255	2	3	5	祢	274	爲的是記念祢。
255	4	3	5	祢	274	我必須記念祢。
257	2	1	6	祢	276	帶領我們親近祢；
257	3	7	4	祢	276	同有分於祢身體。
257	4	6	7	祢	276	不久我們將朝見祢，
258	2	1	1	祢	277	但祢爲我們茹；
258	2	3	1	祢	277	但祢爲我們沉；
259	2	3	1	祢	278	並祢所賜恩典。
259	5	2	5	祢	278	等到那日與祢再席，
259	6	1	2	祢	278	穿上祢的榮形；
261	2	3	6	祢	280	主，我們感謝祢。
261	3	1	4	祢	280	舉目仰望祢救恩，
261	3	2	5	祢	280	藉着信心近祢身，
261	4	1	4	祢	280	要我記念祢行徑——
261	5	0	2	祢	280	爲着祢曾用慈愛，
261	5	3	6	祢	280	主，我們感謝祢。
261	6	3	6	祢	280	主，我們感謝祢。
265	4	3	1	祢	282	與祢同行，隨祢行動。
267	7	3	5	祢	284	分享祢樂，祢憩，祢榮。
268	2	3	1	祢	285	將祢聖名高舉；
268	3	7	1	祢	285	在祢愛中歡欣。
269	4	0	2	祢	286	主，祢使我完全成聖，
270	6	0	7	祢	288	主，流過我，用祢那無比、完全
271	4	3	1	祢	288	使祢榮耀顯完全！
277	1	3	5	祢	294	並使他們與祢永遠相聯。
278	1	3	0	祢	295	祢裏合而爲一。
278	3	3	2	祢	295	仍在祢裏合一。
294	4	2	2	祢	311	宣佈祢爲罪人救星，
294	6	1	0	祢	311	祢的憐憫是我誇耀：
303	1	6	0	祢	321	祢血和義，我們所需，
312	1-chorus	0	0	祢	331	祢屬我，
325	1-chorus	3	6	你	346	“我永不離棄你，”耶穌屬我。
336	1	0	0	祢	357	祢裏完全，親愛救主，
336	4	0	6	祢	357	親愛救主，在祢面前，
348	2	2	0	祢	370	祢的溫柔滿了降服能力，
349	1-chorus	0	3	祢	372	讓我愛祢，救主！我心所喜所慕，
349	2	1	0	祢	372	祢愛所作的一切；
349	3	4	3	祢	372	但若無祢，人生乏味，
350	2	0	3	祢	373	我心愛祢，不知如何
354	1	0	5	祢	376	恩主，我愛祢，我深知祢屬我；
354	1	2	0	祢	376	祢是我救主，曾流血將我買；
354	1	3	4	祢	376	如果我愛祢，主耶穌，是現在！
354	3	1	4	祢	376	並要讚美祢，只要祢給氣息。
355	2	5	6	祢	378	我們的最愛是祢。
358	3	2	2	祢	380	主，祢使者何美！
359	1	6	4	祢	382	高唱我愛祢，
361	3	0	5	祢	384	活的神哪，祢是我神，
364	2	1	5	祢	387	凡求祢者，祢都提挈：
365	1	5	0	祢	388	祢是純潔無限愛；
365	3	7	2	祢	388	誇耀祢愛永無已。
365	4	2	0	祢	388	祢大救恩我全享到，
368	2	3	3	祢	391	完全爲祢而活。
368	5	2	6	祢	391	作祢奴僕，行祢旨意，
369	4	3	6	祢	392	或陰或晴，求祢與我同住。
371	1	0	5	祢	394	我每時刻需祢，
371	1	2	5	祢	394	無人柔聲似祢，
371	1-chorus	0	2	祢	394	我需祢，主，我需祢，
371	1-chorus	1	5	祢	394	每時刻我需祢；
371	2	1	1	祢	394	求祢來臨；
371	4	0	5	祢	394	我每時刻需祢，
372	1	3	0	祢	395	祢所是和道路。
373	6	1	5	祢	396	願我如此隨祢，
374	2	0	0	祢	396	祢這擘開之餅，
376	1	4	6	祢	398	長久渴慕享受祢，
376	1	5	2	祢	398	飽嘗祢的豐富，
377	3	1	6	祢	399	主，此心轉向祢；
377	3	4	7	祢	399	主，我們全心歸祢，
378	1	0	4	祢	400	願所見惟祢，主，我祈求，
378	1	2	7	祢	400	雖行經幽谷，有祢引領，
378	1-chorus	3	0	祢	400	祢聖潔形像從我裏映出。
381	2	0	6	祢	403	我心一旦嘗着祢愛，
381	3	4	1	祢	403	用祢永遠的愛愛我，
381	5	0	2	祢	403	直到祢來領我回家，
383	1	3	8	祢	405	在感覺、或思想無祢的事物。
383	2	1	6	祢	406	親愛主，我求祢，必須也在內！
383	4	4	9	祢	406	主，求祢敎訓我活在祢面前，
387	1	2	1	祢	409	在祢身邊我穩固，
387	1	3	1	祢	409	在祢愛裏我居住。
390	1	1	1	祢	412	知祢愛我的無匹；
390	2	0	7	祢	412	靠着祢恩典，求祢分別我，
390	2	3	4	祢	412	我志消失祢旨裏。
390	4	3	4	祢	412	除非安息祢面前。
391	1	4	0	祢	413	祢當賜南針圖狀，
391	1	5	2	祢	413	主，祢作我的領港。
391	2	5	2	祢	413	主，祢作我的領港。
393	2	0	0	祢	415	祢這生命種子，
393	7	3	8	祢	416	藉此帶下國度，受祢管轄——
396	1	1	8	祢	418	爲祢名更熱心，向祢話更信；
396	1	2	1	祢	418	對祢憂更關心，因祢苦更貧；
396	2	1	8	祢	418	在祢手更有用，對祢仇更勇，
396	3	1	9	祢	418	更愛慕祢再來，更想祢同在，
397	1-chorus	2	1	祢	419	像祢的甘甜，像祢的貞堅，
397	1-chorus	2	7	祢	419	像祢的甘甜，像祢的貞堅，
397	1-chorus	3	7	祢	419	在我的衷心，刻祢形像。
397	5	0	5	祢	419	哦，我要像祢！正當我祈求，
398	1	4	4	祢	420	從我活出祢的自己，
398	1	7	4	祢	420	爲着彰顯祢祕密。
398	2	7	4	祢	420	今後只被祢加力。
398	3	2	3	祢	420	準備爲祢前來負軛，
398	4	7	1	祢	420	求祢以祢爲答應。
398	4	7	3	祢	420	求祢以祢爲答應。
399	1-chorus	2	5	祢	421	不然，我怕祢的喜悅，
400	2	1	9	祢	422	正當風雨蔽空，指示祢路。
401	1	1	2	祢	423	我要祢時刻活在我的魂間，
401	5	2	2	祢	423	凡向祢求的，祢永不會不睬，
401	5	2	6	祢	423	凡向祢求的，祢永不會不睬，
402	5	2	6	祢	424	使我蒙恩被帶祢前，
404	4	0	3	祢		我尋求祢同在，
404	4	3	1	祢		供祢居住、安息。
406	1-chorus	1	1	祢	427	賜祢聖靈的富有。
408	3	1	1	祢	429	求祢爲我全拋棄；
408	3	2	5	祢	429	使我意志服祢的，
408	6	3	4	祢	429	但我等候祢顯現。
409	4	2	4	祢	430	哦，我求祢把它割棄，
409	7	3	3	你	430	“我是你愛、你命、你主；”
409	7	3	6	你	430	“我是你愛、你命、你主；”
409	7	3	9	你	430	“我是你愛、你命、你主；”
410	1	0	7	祢	431	耶穌我救主，是祢感動我心，
410	3	1	4	祢	431	完全的愛祢，單純順服祢——
410	3	1	10	祢	431	完全的愛祢，單純順服祢——
414	1	2	1	祢	435	被祢吸引，我心感戴，
414	1	5	8	祢	435	完全獻上，單單歸祢。
415	2	0	5	祢	436	讚美我主，祢已潔淨我罪，
415	2	3	8	祢	436	我只渴慕能夠榮耀祢名。
416	1	0	2	祢	437	主，祢愛的光正在照耀，
417	3	0	1	祢	438	願祢旨意得成全；
417	3	1	1	祢	438	使祢旨成我心願；
417	3	3	2	祢	438	賜下祢完全平安。
418	5	0	1	祢	439	在祢面前我只萎縮，
418	8	1	0	祢	439	祢的生命免我銷毀，
420	6	0	0	祢	441	祢是我的惟一安慰，
422	3	4	5	祢	443	願我全人聽祢使令，
423	1	0	2	你	444	“爲你，我流寶血，
423	1	1	1	你	444	爲你，我舍生命，
423	1	4	1	你	444	爲你，爲你，我舍生命，
423	1	4	4	你	444	爲你，爲你，我舍生命，
423	1	5	3	你	444	爲我，你舍何情？
423	2	3	0	你	444	你也得以安享。
423	2	5	3	你	444	爲我，你費幾天？
423	3	5	3	你	444	爲我，你何所撇？
423	4	0	1	你	444	爲你，我受多苦，
423	4	4	1	你	444	爲你，爲你，我受多苦，
423	4	4	4	你	444	爲你，爲你，我受多苦，
423	4	5	3	你	444	爲我，你肯何負？
423	5	1	1	你	444	爲你，我已帶來：
423	5	4	1	你	444	爲你，爲你，我帶許多，
423	5	4	4	你	444	爲你，爲你，我帶許多，
423	5	5	3	你	444	爲我，你帶甚麼？”
427	1	3	1	祢	448	歸祢使用永無止，
427	2	0	5	祢	448	得我雙手爲祢用，
427	2	3	5	祢	448	蹤跡佳美傳祢名。
428	1	1	5	祢	449	我當獻何給祢？
428	1-chorus	1	3	祢	449	爲我，祢舍一切；
428	1-chorus	2	0	祢	449	祢曾爲我離天府，
428	1-chorus	7	1	祢	449	向祢，我獻一切！
428	2	0	2	祢	450	主，祢已將我救贖，
429	1	0	1	祢	450	照祢企圖，主，照祢企圖，
429	1	2	7	祢	450	塑造又甄陶，照祢美意；
429	2	0	1	祢	450	照祢企圖，主，照祢企圖，
430	2	7	5	祢	452	當我喜歡成祢的。
431	2	2	4	祢	452	當我得識祢完全，
431	3	5	3	祢	452	我虧欠祢有多少。
432	1	1	9	祢	453	主，我屬祢，單單屬祢；
432	1-chorus	3	7	祢	453	直到完全消失於祢！
432	4	0	3	祢	453	封閉於祢，與祢永相依，
440	1	2	5	祢	462	我的意志向祢投降，
440	3	1	2	祢	462	都歸祢作愛的奴役！
440	3	3	1	祢	462	服祢腳下，永不背離。
440	4	3	8	你	462	細語告我：“我歸你有。”
441	2	3	1	祢	463	惟祢永遠不欺騙。
441	2	7	4	祢	463	因我得見祢歡顏。
445	1-chorus	3	3	祢	467	我要求祢喜歡。
446	1-chorus	0	2	祢	468	藉着祢的救贖，
446	1-chorus	3	2	祢	468	我在祢這邊。
446	3	6	0	祢	468	祢使我們甘願
447	1	1	1	祢	469	與祢合一在靈裏；
447	1	3	4	祢	469	我今得享祢自己。
447	1-chorus	2	0	祢	469	祢的豐富是我供給，
447	1-chorus	3	6	祢	469	我的一切全是祢。
447	5	0	1	祢	469	與祢合一，在升天裏，
447	5	3	5	祢	469	我的眞命在祢藏。
448	1	1	3	祢	470	因信與祢成一靈，
448	2	0	1	祢	470	與祢合一，化身之子，
448	2	2	1	祢	470	因祢誕生，與祢連枝，
448	2	4	1	祢	470	與祢合一，受膏之子，
448	2	7	1	祢	470	與祢合作不稍離。
448	3	0	1	祢	470	與祢合一，被棄之子，
448	3	6	1	祢	470	因祢更生，同祢更始，
448	4	7	1	祢	470	與祢合一無已時。
451	1	0	2	祢	473	主，祢啓示一個奧秘，
451	5	0	0	祢	473	祢既是來敗壞仇敵
452	1	6	0	祢	474	祢魂對外的門戶
454	1	2	2	祢	475	但今祢的美麗臉面
454	5	0	2	祢	475	主，祢已使盲者復明，
457	1	5	3	祢	478	誰能與祢相匹？
457	5	5	3	祢	478	我只想祢同在。
457	6	3	2	祢	478	只有祢能使我滿足，
457	6	5	0	祢	478	祢外無所要求。
459	1	0	8	祢	480	耶穌，只要一想到祢，
459	3	2	0	祢	480	祢對尋求者何善良，
459	5	0	3	祢	480	耶穌！祢是世人之光，
460	1	0	3	祢	481	涼爽，祢像柔和微風，
461	1	0	6	祢	482	耶穌，我主！祢是屬我，
461	2	1	7	祢	482	今竟能歸榮耀給祢；
461	3	3	5	祢	482	我是無有，祢是萬有！
462	6	0	2	祢	483	但願祢的人性，主，
469	3	1	0	你	491	你在祂裏得完全；
469	4	1	0	祢	491	祢信實不變的話，
478	1	1	0	祢	503	祢是我們的主人；
479	4	3	2	祢	505	好讓祢的榮耀性情顯明
481	1	1	2	祢	507	定于祢，定於祢；
481	1	1	6	祢	507	定于祢，定於祢；
484	1	1	2	祢	510	惟有祢！惟有祢！
484	1	1	6	祢	510	惟有祢！惟有祢！
486	1	5	4	祢	512	信而順從祢的召呼。
486	2	3	2	祢	512	對我祢何豐足，
489	1	0	5	祢	515	主，祢已使祢的自己，
489	2	1	2	祢	515	惟有祢是我的完全；
490	4	2	0	祢	516	祢用膏油膏我的頭，
494	1-chorus	6	8	祢	520	主耶穌，我要得着祢，
497	3	3	1	你	524	使你歡奏出，愛祂的讚美。
497	4	1	1	你	524	使你能勝過，世俗的翻騰；
502	1	0	8	祢	530	恩主，我今憑信摸祢，
502	1	1	0	祢	530	祢是供給的源頭；
502	1-chorus	1	2	祢	530	藉着祢靈的運行；
502	3	1	4	祢	530	摸而取用祢豐盛；
502	4	3	1	祢	530	摸祢、取用、不稍停。
503	1	0	3	祢	531	我主，祢說祢是眞樹，
503	10	2	5	祢	531	祢是生命、祢是能力，
504	1	1	2	祢	532	住在祢裏面，時刻不間斷；
504	2	0	2	祢	532	住在祢裏面，祢富我享受，
504	2	0	6	祢	532	住在祢裏面，祢富我享受，
504	4	0	2	祢	532	住在祢裏面，得知祢心意，
505	1	2	0	祢	533	祢是葡萄樹，我們是枝子，
505	1	3	4	祢	533	使我常住祢裏面。
505	1	7	1	祢	533	在祢有醫治權柄能拯救
511	1	3	11	祢	540	祢這永久磐石，我藏身於祢。
511	1-chorus	1	0	祢	540	祢這永久磐石，我藏身於祢。
511	3	3	11	祢	540	祢是我魂磐石，我藏身於祢。
512	4	0	8	祢	541	何等喜樂，我能信祢，
514	4	3	1	祢	543	藉祢大恩的幫助；
514	5	0	2	祢	543	信靠祢何喜樂！我主——
517	1	3	0	祢	546	祢的眞理歡然心領。
518	1	6	2	祢	547	藉着祢的變化大能，
518	1-chorus	1	4	祢	547	因我確知祢是誰；
518	1-chorus	2	4	祢	548	我也領會祢的愛心，
518	4	4	0	祢	548	祢是父榮耀的光輝，
519	4	3	5	祢	548	我的能力是祢恩典。
520	2	1	0	祢	550	祢賜憐憫更多；
520	3	1	2	祢	550	成就祢的意圖；
520	5	1	1	祢	550	是祢將我釋放；
523	3	2	5	祢	553	是福是苦由祢定奪，
524	3	3	4	你	554	向主倒空你自己。
530	1	6	0	你	561	你都能予求予取——
535	1	4	5	祢	567	因我得以見祢。
536	3	3	1	祢	568	求祢使我只是向祢活着；
536	3	3	7	祢	568	求祢使我只是向祢活着；
538	1	0	0	祢	570	祢這神的甜美旨意，
540	1	2	0	祢	572	祢是風雨中避難處，
540	3	2	4	祢	572	亙古太初祢就是神，
540	6	0	2	祢	572	神，祢自古是我幫助，
546	1-chorus	2	6	祢	580	求主使我能同祢
546	3	6	2	你	580	以爲你曾忠心順服，
547	1	6	1	你	581	在你裏的十架，
547	3	0	0	你	582	你若要得着神，
550	1	4	2	祢	586	就願祢我從茲
550	2	5	2	祢	586	若因祢分裂，
552	3	0	0	你	588	你眞無傷痕？
553	3	2	5	祢	589	雖我也曾受祢雕削，
553	3	4	2	祢	589	主，祢能否照祢喜樂，
553	4	0	2	祢	590	如果祢我所有苦、樂，
558	3	2	1	祢	596	在祢十架蔭庇下，
559	2	2	0	祢	597	祢的生命顯於勞碌和折磨；
560	1	2	3	你	598	祂能賜你安慰、安寧，
561	1	2	1	祢	599	有祢夠了，無論日有多長；
561	2	0	0	祢	599	祢是我神！全有！全足！全豐！
562	4	3	0	祢	600	祢要領我危關平安渡過。
564	1	0	4	你	602	“我必與你同在，”
567	2	2	7	祢	604	主，我將一生給祢，
580	1-chorus	1	8	你	617	記看祂曾如何眷顧你！
588	4	7	0	祢	628	祢的恩典夠我使用。
592	3	0	3	祢	632	哦神，祢是有耳能聽，
592	3	3	0	祢	632	祢卻毫不鄙棄厭惡；
592	3	4	1	祢	632	因祢知這音調之弦，
592	5	4	1	祢	632	在祢堅定旨意之中，
593	3	5	3	祢	633	只求和祢旨意相投。
595	4	7	5	祢	636	我藉這些與祢聯結。
595	4	8	5	祢	636	我藉這些與祢聯結。
595	5	5	5	祢	636	不顧一切爲祢生活；
597	4	3	11	你	638	正當在主敎會， 有處爲你備。
598	2	3	8	祢	639	爲着將來，我信靠祢。
600	1	2	6	你	640	但一仰望基督你的王，
605	2	3	1	你	645	在你的行爲上， 人見祂模樣。
605	4	3	2	你	645	如此你纔配作 屬天的工作。
606	1	0	0	你	646	你願否常保純良，活着只爲耶穌？
606	3	1	0	你	646	你願否證實祂有屬天安舒？
606	3	3	5	你	646	凡事讓祂作你主。
609	1	6	0	你	649	你既然是祂所創造，
609	1-chorus	1	2	你	649	照舊你還餘一握；
611	5	2	5	你	651	哦主，賜下你靈，
611	6	0	4	祢	651	耶穌，求祢激勵
619	1-chorus	1	10	祢	659	使我作個得勝者，因着祢，因着祢能得勝。
619	2	3	14	祢	660	使我作個得勝者， 裏面充滿了祢。
619	3	3	11	祢	660	使我作個得勝者， 藉着祢的聖言。
620	1	3	0	你	660	你的喜樂、永遠冠冕。
620	4	3	3	你	660	基督是你一切需要。
623	2	6	5	祢	664	當我正在聽祢吩咐，
627	1	4	3	祢	668	得力在祢，蒙祢保守得穩固；
627	1	4	6	祢	668	得力在祢，蒙祢保守得穩固；
627	1	5	3	祢	668	安息於祢，奉祢大名前進。
627	1	5	6	祢	668	安息於祢，奉祢大名前進。
627	2	0	5	祢	668	救恩元帥，祢是穩固的根基；
627	2	1	0	祢	668	祢名可愛，超乎萬名之上；
627	2	2	5	祢	668	耶穌我主，祢是我們的公義；
627	2	3	5	祢	668	榮耀之主，祢是愛的君王。
627	2	4	5	祢	668	耶穌我主，祢是我們的公義；
627	2	5	5	祢	668	榮耀之主，祢是愛的君王。
627	3	5	3	祢	668	安息於祢，奉祢大名前進。
627	3	5	6	祢	668	安息於祢，奉祢大名前進。
627	4	4	6	祢	668	那日要臨，與祢掌權在國度；
627	4	5	3	祢	668	安息于祢，直到永世無終。
636	1	1	9	你	678	但各各他已得勝，請你常唱此歌。
636	4	0	11	你	678	“沖過！戰士哪，沖過！你要登我寶座；
636	5	0	10	你	678	沖過！戰士哪，沖過！你要登主寶座；
636	5	2	0	你	678	你的將來乃光明，不是黑暗灰心，
637	1	0	8	祢	679	眞是如此！我將像祢兒子？
637	2	0	11	祢	679	哦，主耶穌，誰能愛我如祢？
637	2	1	3	祢	679	不僅見祢榮耀在永世裏，
637	3	2	1	祢	679	因祢愛所賜不像這世界，
638	4	1	2	祢	680	主，祢新婦盼望已久；
638	4	4	1	祢	680	見祢眞體榮耀無比，
641	1	6	8	祢	686	不禁歎息，我想着祢是多遠，
641	2	3	0	祢	686	祢的自己成我追求目的。
641	2	4	0	祢	686	祢不在此，喜樂已減它滋味，
641	2	7	5	祢	686	主阿，我要祢來，我不要祢遲。
641	5	0	7	祢	686	主，祢能否忘記祢曾經應許，
641	5	1	0	祢	686	祢要回來，接我與祢同在？
641	5	1	8	祢	686	祢要回來，接我與祢同在？
641	5	3	5	祢	686	我仍等候，祢卻仍未回來！
641	6	3	8	祢	686	一次一次，我們望祢快回。
642	1-chorus	0	0	祢	687	祢來！就來！我們呼求祢快來！
642	2	3	8	祢	688	每一動靜，都疑是祢已回。
642	3	0	5	祢	688	景色雖美，祢我何日纔相聚？
642	6	0	4	祢	688	若非紀念祢臨行所賜命令，
643	7	5	1	祢	690	求祢臉面快顯！
646	3	2	9	祢	693	祢贏得我心，我望見祢身，
646	3	3	3	祢	693	並且與祢永遠同在。
650	6	0	6	祢	698	來罷我王，願祢就來！
650	6	2	5	祢	698	使愛祢者得祢賞賚，
650	6	5	2	祢	698	使愛祢者得祢賞賚，
650	6	5	5	祢	698	使愛祢者得祢賞賚，
651	2	0	0	祢	699	祢要再回，祢要再回；
651	2	0	5	祢	699	祢要再回，祢要再回；
651	3	0	0	祢	699	祢要再臨，在祢桌前，
651	4	0	2	祢	699	哦，祢是我親愛救主，
651	4	4	3	祢	699	同心向祢獻敬拜；
659	5	1	6	祢	712	來接愛祢者到祢的面前！
661	4	3	1	祢	714	在祢名裏榮無邊。
663	3	0	7	祢	717	我覺祢摸、我聞祢言，
663	3	4	5	祢	717	與眾聖徒享祢豐筵，
670	2	1	4	你	726	祂今尋找你；
672	2	1	1	祢	728	惟祢有這力量，
676	1-chorus	1	2	你	732	無需你功勞；
678	4	1	2	祢	734	乃因祢身受害，
678	5	3	1	祢	734	贊祢救贖大能。
683	1	3	5	你	739	爲我，也爲你！
685	1	3	7	你	741	浸潤我，也浸潤你：
698	2	1	6	你	754	讓基督來進入你心；
699	1	2	2	你	755	爲何你仍硬心，硬心，
699	2	0	2	你	756	爲何你仍猶豫，猶豫，
702	1	2	5	祢	758	並且召我就祢得生；
703	1	6	7	祢	759	脫離罪惡，進入祢美善，
703	3	3	6	祢	759	耶穌，我來就祢！
703	4	6	6	祢	759	永永遠遠瞻仰祢榮顏，
704	1	0	0	祢	760	祢的歡迎聲音，
704	1-chorus	0	5	祢	760	主，我來就祢！
704	1-chorus	1	4	祢	760	我今來就祢！
704	2	2	1	祢	760	但祢歡喜賜恩幫助，
705	1-chorus	2	5	你	761	慈愛天父等你回家，
705	5	0	1	祢	761	惟祢是我所求、所望，
705	5	2	1	祢	761	因祢替我血流、命喪，
706	2	2	5	你	762	尊貴之位爲你保留，
707	2	7	1	祢	763	求祢聖翼來覆庇。
707	3	0	3	祢	763	主阿，祢是我所需，
707	3	3	2	祢	763	病，祢醫治；瞽，祢導；
707	4	0	0	祢	763	祢前我遇恩浩瀚，
708	1	2	1	祢	764	願祢所流血與水，
708	2	5	2	祢	764	必須祢來施拯救。
708	3	4	5	祢	764	污穢，飛奔祢泉旁，
709	1	0	0	祢	765	祢曾離天庭，撇棄寶座和榮冕，
709	5	1	2	祢	765	歡頌祢來得勝，至威榮；
711	3	1	0	祢	767	祢已流寶血；
712	1	4	5	祢	768	別無救主像祢，
712	1	6	0	祢	768	祢爲罪人受死，
712	1-chorus	0	6	祢	768	耶穌，我信靠祢，
712	1-chorus	1	4	祢	768	全心信靠祢！
712	1-chorus	3	0	祢	768	祢將我拯救。
712	4	5	0	祢	768	祢血有功效！
721	4	7	4	你	778	“耶穌是你福分。”
726	4	1	4	祢	784	全地充滿祢榮耀，
726	4	2	7	祢	784	國度、權柄全屬祢，
726	4	5	4	祢	784	都來稱頌祢尊名。
729	5	6	3	你	788	他們對你控訴！
732	4	4	1	祢	790	“祢愛不失敗，”愛必得勝。
733	4	2	6	你	791	死夜尚未臨到你身，
734	1-chorus	0	0	祢	792	祢指示我生命的路，
734	1-chorus	2	0	祢	792	祢右手有永遠福樂，
735	1	0	11	祢	793	至於我，我必在義中得見祢的面；
737	4	2	2	祢	796	都在祢面前蒙悅納，
738	1	2	8	祢	796	哦，我神，我倚靠祢；
739	1	0	0	祢	797	祢已經將我的哀哭變爲跳舞，
741	1	7	1	祢	799	除祢以外，
750	1	0	2	你	808	所以你們從救恩泉源歡然取水，歡然取水，
752	1	1	0	祢	810	祢必保守，十分平安；
752	1	2	0	祢	810	祢必保守，十分平安；
752	1	3	5	祢	810	因爲他倚靠祢。
756	1	3	5	你	813	我平安賜給你，
765	3	2	5	祢	821	我的不義，祢都遮蓋；
766	2	0	3	祢	822	阿爸，祢是自有永有，
766	2	2	0	祢	822	祢的寶座安定在天，
766	3	3	3	祢	822	未認識祢慈愛心意。
766	4	0	1	祢	822	但祢藉着懷中獨子，
766	6	1	5	祢	822	歸祢名下作祢眾子；
766	7	3	1	祢	822	向祢讚美、向祢敬拜。
767	1	1	1	祢	823	由祢愛子領率，
767	2	3	0	祢	823	祢的愛子工作。
767	3	2	0	祢	823	祢的公義和忿怒，
768	3	1	1	祢	824	在祢敎會唱詩向祢頌揚；
768	4	2	1	祢	824	在祢愛子所領讚美之中，
769	2	0	0	祢	825	祢在艱苦歷程顯出
769	3	0	0	祢	825	祢心受創，重負難減，
773	4	1	5	祢	830	我猶罪人，祢已代死，愛明彰；
773	4	5	6	祢	830	疲乏、軟弱，祢加我力，使剛強；
774	2	1	8	祢	831	但我並未求解脫，祢卻前來尋我！
774	3	3	8	祢	831	我的性情比人壞，祢爲甚麼要愛？
774	4	2	0	祢	831	祢在何處看上我？爲何又愛上我？
774	5	3	1	祢	832	邀祢青眼、使祢喜，我就只得希奇！
774	5	3	6	祢	832	邀祢青眼、使祢喜，我就只得希奇！
774	6	0	9	祢	832	無它，我今只能說：祢是無故愛我！
774	6	1	2	祢	832	哦，祢是無故愛我！哦，這恩眞難說！
774	7	3	12	祢	832	雖然明知祢恩、愛，仍是對祢懈怠！
774	8	2	8	祢	832	隱藏世界離不得，祢道路嫌太窄！
775	1	3	1	祢	833	到祢可愛身邊！
775	3	1	5	祢	833	尚非祢愛、祢恩；
775	3	2	2	祢	833	乃是祢的可愛自己，
776	1-chorus	0	1	祢	834	求祢賜下焚燒靈，
780	2	3	4	祢	839	不愛祢或祢的。
783	3	0	6	祢	842	藉着這水歸入祢死，
783	4	0	3	祢	842	在此與祢一同復活，
789	2	2	1	祢	847	願祢賜下恩膏滋潤，
796	2	0	0	祢	854	祢使我的望星迷糊，
797	1	4	0	祢	855	祢所命定的前途，
797	4	7	2	祢	856	若非祢所恩賜。
798	1	3	9	祢	857	如果完全、完全倚靠祢。
800	6	1	1	祢	859	是祢要我忍耐；
800	6	3	1	祢	859	是祢引我倚賴；
800	7	3	1	你	859	向你能滿愛意；
800	7	4	5	你	859	寧願不多爲你作工，
800	7	5	3	你	859	完全使你歡喜。
801	4	2	2	祢	860	只愛祢光的指引，
811	3	2	1	祢	873	無祢我懼死蔭臨到，
811	4	3	3	祢	873	溶化在祢愛的海洋。
815	1-chorus	2	8	祢	877	祢使我減少，好叫祢更加添，
817	2	0	5	祢	879	祢有憐憫，祢有恩慈，
818	1-chorus	1	2	祢	880	主，祢正懷念我！
818	2	3	2	祢	880	主，祢正懷念我！
821	1-chorus	4	1	你	883	凡你所行，都要認定主，
822	2	0	0	你	884	你曾覺得主親近？
822	2	2	5	你	884	祂的同在樂你心？
822	3	0	0	你	884	你覺聖靈的能力？
822	3	2	6	你	884	猶如甘雨臨及你？
823	2	4	5	祢	886	願祢信心和祢能力，
829	6	3	1	祢	894	將祢的話早日證明。
830	4	0	5	祢	896	求祢來，求祢來！四圍所看見，
830	5	5	10	祢	896	主耶穌，主耶穌！我求祢快來！
831	4	1	1	祢	898	求祢紀念；
832	2	2	2	祢	900	感謝祢，因祢清楚
832	2	2	5	祢	900	感謝祢，因祢清楚
832	4	6	0	祢	900	祢就以爲我不配，
834	1	0	6	祢	903	哦主，撒冷是祢所建設，
834	1	5	4	祢	903	何況我主祢是住在它中間，
838	3	2	4	你	910	祂血能將你的污穢除掉；
841	1	6	6	你	913	並嘗苦膽，免你重負，
841	2	5	2	你	914	我作你神，引導無休，
841	2	6	1	你	914	作你喜樂，直至千秋，
841	3	2	0	你	914	你的重擔，放我手臂，
842	1-chorus	0	4	你	915	莫非就是你？
842	1-chorus	1	4	你	915	莫非就是你？
842	1-chorus	3	4	你	915	莫非就是你？
843	1	0	0	你	916	你墮落罪惡境，歷盡了苦情，
843	1-chorus	0	5	你	916	主渴望拯救你！主等候救你！
845	1-chorus	2	0	你	918	你要得救援，
