hymn	tune
1	Beecher
2	Italian Hymn
3	Nicaea
4	Heavenly Father
5	Maranatha
6	Old Hundredth
7	Harris
8	How Great Thou Art
9	Glorify Thy Name
10	Fairford
11	The Love of God
12	Hereford (New)
13	Behold, What Love
14	Eden
15	Abridge
16	Bank Street
17	Westminster
18	Wellesley
19	Abba
20	Cwm Rhondda
21	Steadfast Love of the Lord
22	Great Is Thy Faithfulness
23	Revive Us Again
24	To God be the Glory
25	Worship
26	Lancashire
27	Austrian Hymn
28	We Are Never Weary
29	Abba, Father! We Adore Thee
30	Lancashire
31	Dublin (Trench)
32	Dublin (Stevenson)
33	Hymn To Joy
34	Ewing
35	Sandon
36	Morecambe
37	A Little While
38	A Little While
39	Lux Benigna
40	Creation
41	Joanna
42	Arabia
43	Bow Street
44	Outshining
45	What a Name
46	Evelyns
47	Hesperus
48	Thy Name As Ointment
49	Nomen Dulce
50	Cyprus
51	Blessed be the Name
52	His Name is Higher
53	Darwall
54	Name Above All Names
55	Jesus, Thy Name
56	We Love the Name of Jesus
57	The Name of Jesus
58	Excelsior
59	Resting
60	Azmon
61	Innocents
62	Praise the Name of Jesus
63	Jesus, Jesus, Jesus
64	Sweetest Name of All
65	No Name So Sweet on Earth
66	Sweetest Name
67	Antioch
68	O Sole Mio
69	Meekness and Majesty
70	Adeste Fideles
71	Mendelssohn
72	That's Why I Call on Him
73	Norge
74	Truro
75	St. Oswald
76	Pilgrim
77	Rockingham
78	Suffering
79	Substitution
80	Harris
81	Antioch
82	Cwm Rhondda
83	Martyrdom
84	Harwell
85	Mozart
86	The Gospel of Thy Grace
87	O Calvary
88	Mercy's Free
89	Martyrdom
90	Kelso
91	Marah
92	Crucifixion
93	Trentham
94	To God be the Glory
95	Boylston
96	Hyfrydol
97	Holly
98	Regent Square
99	Maccabaeus
100	Chilton Foliat
101	Christ Arose
102	Easter Hymn
103	St. Edmund
104	Morgenlied
105	Silchester
106	Beecher
107	The Veil Is Rent
108	Missionary Hymn
109	Missionary Hymn
110	Day of Rest
111	None But Christ
112	Harwell
113	Meribah
114	Glory Song
115	St. Magnus
116	Courage, Brother
117	Placida
118	At Your Feet We Fall
119	Mozart
120	Ottawa
121	Dijon
122	Diadem
123	Coronation
124	Diademata
125	Maitland
126	Neander
127	He is Lord
128	Majesty
129	Jesus, Thou Alone Art Worthy
130	O Blessed Savior
131	Duke Street
132	Harwell
133	Darwall
134	For Me
135	Rest (Whittier)
136	Ebenezer (Ton-Y-Botel)
137	Wonderful
138	My Savior's Love
139	Wiltshire
140	A Friend
141	Eagley
142	It Passeth Knowledge
143	Ortonville
144	Lead Me to Calvary
145	The New Song
146	Azmon
146	Lyngham
147	McMaster
148	Crusader's Hymn
149	Stella
150	Glasgow
151	Rutherford
152	Italian Hymn
153	Worthy the Lamb
154	Hold the Fort
155	Only Remembered
156	Tiverton
157	Regent Square
158	Darwall
159	Jesus Only
160	Evening Prayer
161	How Great Thou Art
162	Gratitude
163	Praise
164	Lord, be glorified
165	Deerhurst
166	Adeste Fideles
167	Gratitude
168	Blessing and Honor
169	Laudes Domini
170	I Love You, Lord
171	The Comforter
172	Speak to the Rock
173	Blessed Quietness
174	Rivers of Water
175	Spring Up O Well
176	Breathing
177	Prospect
178	Burning in my Soul
179	Wonderful Spirit in Us
180	Living God
181	Spirit Song
182	Fill Me Now
183	Resting
184	Doane (Waltham)
185	Lord, May Thy Blood
186	Waiting for the Fire
187	Spiritus Vitae
188	The Call for Reapers
189	Come to the House of God
190	Rivaulx
191	Duke Street
192	Blessed Life
193	Deus Tuorum Militum
194	He Lives
195	Where Jesus Is
196	Eden
197	Quietude
198	Maryton
199	Open My Eyes
200	Ottawa
201	Lathbury
202	Seraph
203	Petersham
204	Lloyd
205	Arlington
206	Vigilate
207	Precious Name
208	Rhineland
209	I Must Tell Jesus
210	Converse
211	The Secret Place
212	Constancy
213	Walser
214	Unde et Memores
215	St. Martin
216	All Heaven Waits
217	Midlane
218	Sweet Hour
219	Come Away
220	Aurelia
221	St. Asaph
222	Duke Street
223	Sagina
224	Till We Meet
225	Bexhill
226	Beecher
227	Showers of Blessing
228	Lenox
229	Splendid Church Life
230	Vienna
231	Lynton
232	Dennis
233	Ortonville
234	Welcome to the Family
235	La Voix de Christ
236	St. Thomas
237	Glorious Church
238	Montrose
239	Walk About Zion
240	Take Me As I Am
241	He Lives
242	Pass It On
243	St. Gertrude
244	Geibel
245	Duke Street
246	Canonbury
247	Austrian Hymn
248	Resting
249	Till We Meet
250	Dublin (Trench)
251	Hursley
252	Kremser
253	Till We Meet
254	How Great Thou Art
255	Manoah
256	Jesus Spreads His Banner O'er Us
257	Nettleton
258	Trichinopoly
259	Zurich
260	Langran
261	Evelyn
262	The Servant King
263	Make Me A Servant
264	Contrast
265	Maryton
266	Servant of All
267	Canonbury
268	Madrid
269	Channels Only
270	Berlin
271	Mozart
272	Work
273	Hesperus
274	Come, Let us Anew
275	Where Jesus Leads
276	Showers of Blessing
277	O Perfect Love
278	O God of Love to Thee We Bow
279	Saving Power
280	He Leadeth Me
281	Aldwyn
282	I Am His
283	Trentham
284	Sweeter as the Years
285	Ellsworth
286	I Am Amazed
287	Jesus Loves Even Me
288	Weigle
289	Joyful Sound
290	Sagina
291	Resting
292	Cleansing Blood
293	Old Black Joe
294	Germany
295	Solid Rock
296	Wakefield
297	Reconciled to God
298	Arise, My Soul
299	Martyrdom
300	Redeemed
301	Othello
302	My Redeemer
303	Sankey
304	Assurance
305	Wonderful Change
306	What a Happy Day
307	Rolled Away
308	Happy Day
309	Glorious Freedom
310	Only a Sinner
311	All Sufficient Grace
312	Mine
313	Scholfield
314	Montrose
315	He Lifted Me
316	Wonderful Grace
317	McIntosh
318	Precious
319	Come, Thou Fount
320	At Calvary
321	Cwm Rhondda
322	Drinking at the Fountain
323	Vox Dilecti
324	Beulah Land
325	Constantly Abiding
326	Jesus Satisfies
327	Where Jesus Is
328	Sweetest Name I Know
329	Heart Melody
330	Marching to Zion
331	Arlington
332	Sunshine
333	All That Thrills My Soul
334	I'd Rather Have Jesus
335	Festus
336	Complete
337	No Other Plea
338	Leaning
339	El Nathan
340	Anchor
341	St. Michael
342	He Hideth My Soul
343	Wondrous Story
344	Wounded For Me
345	Foundation
346	Standing on the Promises
347	It Is Well
348	Riber
349	Let Me Love Thee
350	O Jesus, Jesus
351	How Can I Help But Love Him
352	Abington (Var.)
353	Ortonville
354	Gordon
355	First Love
356	Oh, How I Love Jesus
357	Who's Like Our Jesus
358	More Love
359	In Moments Like These
360	As the Deer
361	Martyrdom
362	Habergham
363	I Need Jesus
364	Maryton
365	Beecher
366	Lux Lucum
367	He Died for Me
368	Redcliffe
369	Eventide
370	Fellowship
371	I Need Thee
372	Richmond
373	Nothing Between
374	Dolomite Chant
375	Northampton
376	Melody
377	Lancashire
378	Fill All My Vision
379	Bow Street
380	Boylston
381	Giessen
382	More About Jesus
383	Afton
384	Let the Beauty of Jesus Seen in Me
385	Morris
386	Jewett
387	Lead Me
388	Close to Thee
389	Closer Walk
390	Draw Me Nearer
391	Pilot
392	Prospect
393	Grow in us
394	Not My Will
395	Higher Ground
396	Yield Not to Temptation
397	O To Be Like Thee
398	Richards
399	All for Jesus
400	Camacha
401	Whiter Than Snow
402	Evan
403	Abridge
404	Carlisle
405	Martyn
406	Even Me
407	Lower and Lower
408	Seymour
409	St. Catherine
410	Yielded
411	Olivet
412	Meribah
413	Charity
414	Stella
415	Maori
416	Shine Jesus Shine
417	Mozart
418	Have Mercy
419	O Perfect Love
420	Ortonville
421	Margaret
422	Lord, Thou Hast Won
423	Kenosis
424	'Tis So Sweet
425	I Surrender All
426	Hoffman
427	Hendon
428	All to Thee
429	Pollard
430	Not My Own
431	Wells
432	Sweet Will
433	All for Jesus
434	Hermas
435	Diademata
436	Separation
437	Down in the Valley
438	Germany
439	Living for Jesus
440	Staincliffe
441	Ellesdie
442	Assam
443	No Mortal Tongue
444	Semper Idem
445	Am I a Soldier
446	Armageddon
447	Close to Thee
448	Ellesdie
449	Moment by Moment
450	Resurrection Life
451	Hamburg
452	Day of Rest
453	Beautiful
454	Confidence (Moore)
455	His Banner is Love
456	Nothing's Quite So Precious
457	Dear Lord Jesus
458	Still Sweeter Every Day
459	St. Agnes
460	Captivation
461	Duke Street
462	Closer Walk
463	Neander
464	Sound the Battle Cry
465	Blessed Quietness
466	Kenosis
467	He Lives
468	Christ Liveth in Me
469	Rousseau
470	Adeste Fideles
471	Christ in Me
472	Mit Freuden zart
473	Never Thirst Again
474	McIntosh
475	Himself
476	Christ is Reality
477	Christ is Reality
478	Let Me Love Thee
479	It Passeth Knowledge
480	He Lives
481	Mercy's Free
482	Lundie
483	Jesus for Me
484	Christ for Me
485	Radiant
486	Palmyra
487	None But Christ
488	Elizabeth
489	St. Catherine
490	Crimond
491	His Sheep Am I
492	Surely Goodness and Mercy
493	Dominus Regit Me
494	Living for Jesus
495	Elizabeth
496	Contrast
497	Within the Veil
498	Inside the Veil
499	La Voix de Christ
500	Hallelujah to the Lamb
501	A Precious Friend
502	Persuasion
503	In Thee
504	Abide in Thee
505	You Are the Vine
506	Close to Thee
507	Abiding in the Vine
508	Under His Wings
509	Abiding and Confiding
510	Shelter
511	Hiding in Thee
512	'Tis So Sweet
513	Trusting Jesus
514	All Saints
515	Bradford
516	Toulon
517	St. Catherine
518	Tranquility
519	Maryton
520	Monod
521	Trust and Obey
522	Anywhere with Jesus
523	He Leadeth Me
524	In the Gloaming
525	Not I But Christ
526	Finished
527	Sweet to Die
528	Higher Ground
529	All the Way
530	Jesus is Reality
531	Hold Thou My Hand
532	His Sheep Am I
533	His Sheep Am I
534	Ortonville
535	Newcastle
536	Pilgrims
537	Adelboden
538	Holly
539	The Old Rugged Cross
540	St. Anne
541	Kinsman
542	Kinsman
543	The Old Rugged Cross
544	Rathbun
545	Sweet to Die
546	Crucified with Christ
547	O Cross of Christ
548	Crucified with Christ
549	Way of the Cross
550	McMaster
551	Converse
552	Rest (Whittier)
553	American Folk Song
554	Mozart
555	Richards
556	If From the Right Course
557	St. Christopher
558	Near the Cross
559	O Perfect Love
560	Precious Name
561	Langran
562	Aziel
563	Safe in the Arms of Jesus
564	No Never Alone
565	St. Stephen
566	Seasons (Messiah Tsidkenu)
567	In His Time
568	It Is Done
569	Ernan
570	God Will Take Care of You
571	Finlandia
572	Does Jesus Care
573	No Not One
574	I'm a Pilgrim
575	All the Way
576	I Will Guide Thee
577	Then We'll Understand
578	He Knows
579	Arizona
580	Count Your Blessings
581	Blott En Dag
582	Wiltshire
583	Lord, I Believe
584	Song of Faith
585	Rejoice Evermore
586	Wye Valley
587	Pax Tecum
588	My Grace is Sufficient
589	God Hath Not Promised
590	Greater Grace
591	He Giveth More Grace
592	Pisgah
593	Missionary Prayer
594	Pilgrims
595	He Hideth My Soul
596	St. Aidan
597	Shrewsbury
598	Celeste
599	Kelly
600	Turn Your Eyes
601	Foundation
602	All Things Through Christ
603	Berlin
604	Consider Him
605	Longstaff
606	His Way with Thee
607	Evelyns
608	If God be for Us
609	Crucified with Christ
610	Festal Song
611	Lenox
612	Rhineland
613	On Toward the Goal
614	Pressing On
615	Look Away
616	Foundation (Haydn)
617	Webb
618	St. Gertrude
619	Geibel
620	Pentecost
621	Victory Through Grace
622	Alford
623	Bradbury
624	Faith is the Victory
625	Hart's
626	In the Name of Jesus
627	Finlandia
628	All Saints, New
629	Ein' Feste Burg
630	None But Christ
631	Diademata
632	Nouveaux Combats
633	Canonbury
634	Diademata
635	Hold the Fort
636	Day of Rest
637	National Hymn
638	Maryland
639	Second Coming
640	The Crowning Day
641	Londonderry Air
642	Come Home (Var.)
643	Carol
644	Christ Returneth
645	Christ Returneth
646	Crusader's Hymn
647	Face to Face
648	Saved by Grace
649	The Pleading Voice
650	O Praise the Lord
651	Beverley (Thou Art Coming)
652	Cruger
653	Bridegroom's Coming
654	Will Jesus Find Us Watching
655	Be in Time
656	Work of Faith
657	Glory Song
658	Battle Hymn of the Republic
659	Our Goal
660	Home, Sweet Home
661	Austrian Hymn
662	Unde et Memores
663	None But Christ
664	Elberfeld
665	Benton Harbor
666	Seeking for Me
667	One Day
668	Great Physician
669	Jesus Saves
670	Semper Idem
671	All the Way to Calvary
672	Jesus Paid It All
673	Hudson
674	Ganges
675	Once for All
676	Finished
677	When I See the Blood
678	Cleansing Fountain
679	Washed in the Blood
680	Plainfield
681	Power in the Blood
682	The Cleansing Stream
683	Precious Blood
684	O How He Loves
685	Come Let Us Sing
686	Love of Jesus
687	Marvelous Grace
688	Life
689	Everlasting Life
690	In Jesus
691	Light of the World
692	You Must Be Born Again
693	Come Home
694	Jesus Is Calling
695	Only Trust Him
696	Whosoever Will
697	Any Room
698	Let Jesus Come Into Your Heart
699	Knocking
700	Almost Persuaded
701	Be in Time
702	Woodworth
703	Deliverance
704	Welcome Voice
705	Coming Home
706	All Things Are Ready
707	Martyn
708	Toplady
709	Room for Thee
710	Into My Heart
711	Bullinger
712	Foundation (Haydn)
713	Hankey
714	Jesus Breaks Every Fetter
715	Glory to His Name
716	Borne on the Cross
717	Tenderness
718	Love Lifted Me
719	Neumeister
720	Ninety and Nine
721	Old Story
722	Gain
723	Fellowship in the Gospel
724	Bromsgrove
725	Tidings
726	Shirley
727	Rescue
728	Go Ye
729	A Missionary Cry
730	Elmhurst
731	Federal Street
732	Love is the Way
733	Empty-handed
734	Portion of My Inheritance
735	As For Me
736	I Will Call Upon the Lord
737	Law of Lord is Perfect
738	Unto Thee, O Lord
739	Turned Mourning into Dancing
740	Great is the Lord
741	Continually with Thee
742	Fillmore
743	Holy Name
744	What Shall I Give
745	The Lord Hath Done Great Things
746	My Rest Forever
747	Dwell in Unity
748	Praise Ye the Lord
749	Emmanuel
750	Therefore with joy
751	Mieir
752	Thou Wilt Keep Him
753	Therefore the Redeemed
754	Therefore They Shall Come and Sing
755	Seek Ye First
756	My Peace
757	God Loved the World
758	A New Commandment
759	Veil Taken Away
760	Unto Him be Glory
761	His Sheep Am I
762	Behold What Manner of Love
763	Now Come Salvation and Strength
764	Hallelujah our God Reigns
